,Open,High,Low,Close,Volume,Dividends,Stock Splits
2019-11-01,15575.349609375,15636.2998046875,15411.7998046875,15471.2001953125,0,0.0,0.0
2019-11-04,15474.0,15803.349609375,15428.5,15591.2998046875,0,0.0,0.0
2019-11-05,15613.099609375,15613.099609375,15422.7998046875,15533.4501953125,0,0.0,0.0
2019-11-06,15554.0498046875,15647.0498046875,15440.400390625,15561.2998046875,0,0.0,0.0
2019-11-07,15635.5,15639.7001953125,15532.150390625,15624.400390625,24300,0.0,0.0
2019-11-08,15646.400390625,15658.150390625,15355.7001953125,15383.2998046875,0,0.0,0.0
2019-11-11,15343.25,15354.0498046875,15228.7998046875,15308.5498046875,0,0.0,0.0
2019-11-13,15307.900390625,15374.0498046875,15192.2998046875,15240.9501953125,0,0.0,0.0
2019-11-14,15292.900390625,15410.2998046875,15217.2998046875,15388.75,0,0.0,0.0
2019-11-15,15425.0498046875,15471.150390625,15287.099609375,15310.650390625,0,0.0,0.0
2019-11-18,15326.7998046875,15373.849609375,15251.0,15295.25,0,0.0,0.0
2019-11-19,15318.650390625,15371.7998046875,15256.849609375,15304.849609375,0,0.0,0.0
2019-11-20,15349.0498046875,15349.0498046875,15235.0,15318.5,0,0.0,0.0
2019-11-21,15353.7001953125,15435.400390625,15279.400390625,15293.9501953125,0,0.0,0.0
2019-11-22,15216.5498046875,15220.0498046875,14931.349609375,14995.900390625,0,0.0,0.0
2019-11-25,15002.2001953125,15112.900390625,14950.9501953125,15100.599609375,0,0.0,0.0
2019-11-26,15174.650390625,15212.650390625,14867.4501953125,14922.150390625,0,0.0,0.0
2019-11-27,14957.5,15049.0,14946.5498046875,15022.150390625,0,0.0,0.0
2019-11-28,15069.150390625,15136.2001953125,15042.650390625,15121.7998046875,14700,0.0,0.0
2019-11-29,15132.9501953125,15147.25,14964.25,14998.0498046875,0,0.0,0.0
2019-12-02,15056.849609375,15070.650390625,14819.400390625,14852.0,0,0.0,0.0
2019-12-03,14870.900390625,14956.4501953125,14808.400390625,14920.75,0,0.0,0.0
2019-12-04,14918.5,15188.5498046875,14896.599609375,15175.150390625,27200,0.0,0.0
2019-12-05,15164.150390625,15385.4501953125,15101.7998046875,15367.5,28800,0.0,0.0
2019-12-06,15383.4501953125,15390.0498046875,15269.25,15289.599609375,16900,0.0,0.0
2019-12-09,15309.7001953125,15322.5498046875,15136.25,15157.150390625,18200,0.0,0.0
2019-12-10,15120.0498046875,15123.349609375,14903.25,14946.5498046875,20100,0.0,0.0
2019-12-11,14972.0,15147.349609375,14963.650390625,15130.2998046875,23000,0.0,0.0
2019-12-12,15151.099609375,15184.150390625,14890.599609375,14972.650390625,27100,0.0,0.0
2019-12-13,14987.900390625,15221.4501953125,14965.150390625,15200.5498046875,30100,0.0,0.0
2019-12-16,15263.75,15446.25,15223.099609375,15348.75,28600,0.0,0.0
2019-12-17,15417.5498046875,15670.349609375,15387.2001953125,15637.150390625,35700,0.0,0.0
2019-12-18,15680.5,15835.7998046875,15649.150390625,15710.650390625,46700,0.0,0.0
2019-12-19,15741.2001953125,15835.5,15654.7001953125,15812.9501953125,25100,0.0,0.0
2019-12-20,15811.9501953125,15890.9501953125,15781.25,15844.5498046875,30000,0.0,0.0
2019-12-23,15811.400390625,15936.0,15809.0498046875,15865.5,15900,0.0,0.0
2019-12-24,15877.400390625,15880.150390625,15739.4501953125,15778.2001953125,16000,0.0,0.0
2019-12-26,15784.4501953125,15806.849609375,15690.9501953125,15706.4501953125,17800,0.0,0.0
2019-12-27,15740.400390625,15824.150390625,15657.5,15780.7001953125,16700,0.0,0.0
2019-12-30,15801.5,15868.9501953125,15715.099609375,15775.0,0,0.0,0.0
2019-12-31,15754.0498046875,15775.25,15634.5,15652.400390625,19600,0.0,0.0
2020-01-02,15754.900390625,15762.099609375,15679.650390625,15709.650390625,15200,0.0,0.0
2020-01-03,15727.599609375,16004.4501953125,15722.650390625,15936.599609375,26000,0.0,0.0
2020-01-06,15934.599609375,16067.650390625,15831.849609375,15879.7998046875,24000,0.0,0.0
2020-01-07,15893.349609375,15988.7001953125,15799.7998046875,15895.2001953125,24200,0.0,0.0
2020-01-08,15840.900390625,15974.849609375,15816.7998046875,15953.4501953125,27400,0.0,0.0
2020-01-09,15970.650390625,16017.25,15857.25,15925.150390625,27900,0.0,0.0
2020-01-10,16040.650390625,16059.349609375,15930.650390625,15959.900390625,20200,0.0,0.0
2020-01-13,16135.5,16275.2001953125,16075.75,16225.900390625,61100,0.0,0.0
2020-01-14,16238.150390625,16385.94921875,16226.900390625,16362.349609375,34500,0.0,0.0
2020-01-15,16354.2001953125,16366.75,16217.099609375,16346.849609375,35200,0.0,0.0
2020-01-16,16372.150390625,16423.849609375,16277.25,16381.650390625,26200,0.0,0.0
2020-01-17,16396.5,16447.349609375,16310.75,16356.599609375,20000,0.0,0.0
2020-01-20,16389.599609375,16465.05078125,16162.5,16207.150390625,27100,0.0,0.0
2020-01-21,16190.7998046875,16221.5,16133.599609375,16175.2001953125,17500,0.0,0.0
2020-01-22,16245.9501953125,16404.599609375,16211.7998046875,16334.5498046875,26800,0.0,0.0
2020-01-23,16380.599609375,16501.19921875,16367.75,16474.400390625,30000,0.0,0.0
2020-01-24,16410.5,16498.75,16356.9501953125,16472.75,21200,0.0,0.0
2020-01-27,16456.19921875,16483.900390625,16385.650390625,16393.55078125,13600,0.0,0.0
2020-01-28,16442.849609375,16448.05078125,16320.599609375,16429.75,19700,0.0,0.0
2020-01-29,16513.19921875,16577.94921875,16452.0,16479.30078125,22200,0.0,0.0
2020-01-30,16509.0,16514.099609375,16287.75,16327.900390625,18900,0.0,0.0
2020-01-31,16333.150390625,16365.7998046875,16098.4501953125,16144.150390625,26300,0.0,0.0
2020-02-03,16282.0,16418.900390625,16034.2998046875,16059.900390625,29000,0.0,0.0
2020-02-04,16174.7998046875,16377.4501953125,16155.7998046875,16350.849609375,25200,0.0,0.0
2020-02-05,16354.4501953125,16463.599609375,16283.25,16448.55078125,21900,0.0,0.0
2020-02-06,16480.75,16621.349609375,16330.650390625,16371.150390625,24000,0.0,0.0
2020-02-07,16453.0,16493.25,16382.400390625,16470.150390625,15700,0.0,0.0
2020-02-10,16481.5,16522.400390625,16306.25,16431.94921875,18000,0.0,0.0
2020-02-11,16482.400390625,16512.099609375,16409.150390625,16452.30078125,17000,0.0,0.0
2020-02-12,16462.25,16599.05078125,16419.44921875,16538.099609375,18600,0.0,0.0
2020-02-13,16578.75,16696.849609375,16513.75,16673.05078125,18900,0.0,0.0
2020-02-14,16682.30078125,16828.19921875,16624.25,16642.75,19600,0.0,0.0
2020-02-17,16707.650390625,16737.650390625,16596.19921875,16647.69921875,0,0.0,0.0
2020-02-18,16586.900390625,16773.19921875,16526.400390625,16748.75,20800,0.0,0.0
2020-02-19,16796.400390625,16882.44921875,16754.25,16772.5,16900,0.0,0.0
2020-02-20,16826.30078125,16843.650390625,16623.900390625,16649.400390625,20300,0.0,0.0
2020-02-24,16642.75,16749.25,16416.849609375,16461.80078125,23400,0.0,0.0
2020-02-25,16490.400390625,16642.400390625,16443.25,16562.5,25300,0.0,0.0
2020-02-26,16497.150390625,16539.25,16297.25,16332.25,26800,0.0,0.0
2020-02-27,16244.9501953125,16258.650390625,16053.7001953125,16123.7998046875,24500,0.0,0.0
2020-02-28,15726.150390625,15788.4501953125,15156.7998046875,15212.9501953125,42900,0.0,0.0
2020-03-02,15355.0498046875,15722.0,15298.0,15427.650390625,36500,0.0,0.0
2020-03-03,15615.0498046875,15793.099609375,15495.7001953125,15723.2001953125,29600,0.0,0.0
2020-03-04,15824.900390625,15919.9501953125,15612.75,15864.2998046875,32100,0.0,0.0
2020-03-05,15912.0498046875,16150.599609375,15841.099609375,15871.349609375,26900,0.0,0.0
2020-03-06,15607.349609375,15699.9501953125,15443.0,15663.5,26000,0.0,0.0
2020-03-09,15333.5498046875,15371.0,14705.400390625,14854.900390625,36800,0.0,0.0
2020-03-11,14524.150390625,14823.7998046875,14356.099609375,14681.400390625,43300,0.0,0.0
2020-03-12,14177.400390625,14231.9501953125,13317.650390625,13384.849609375,42900,0.0,0.0
2020-03-13,12561.9501953125,13835.349609375,11624.849609375,13539.099609375,47400,0.0,0.0
2020-03-16,12963.7001953125,13078.650390625,12355.150390625,12451.349609375,49500,0.0,0.0
2020-03-17,12517.5,12677.2001953125,11999.5498046875,12099.25,44100,0.0,0.0
2020-03-18,12287.7998046875,12451.099609375,11643.900390625,11753.0,45500,0.0,0.0
2020-03-19,11183.9501953125,11698.2998046875,10991.25,11340.0,52500,0.0,0.0
2020-03-20,11382.400390625,12710.5498046875,11363.5,12363.4501953125,66400,0.0,0.0
2020-03-23,11328.25,11602.4501953125,11108.650390625,11179.599609375,44700,0.0,0.0
2020-03-24,11159.75,12053.7998046875,11159.2998046875,11865.0498046875,51300,0.0,0.0
2020-03-25,11856.900390625,12514.25,11657.25,12233.349609375,47600,0.0,0.0
2020-03-26,12496.9501953125,12751.5498046875,12306.349609375,12535.599609375,47100,0.0,0.0
2020-03-27,12778.150390625,12949.599609375,12403.849609375,12569.099609375,43300,0.0,0.0
2020-03-30,12152.9501953125,12774.599609375,12152.9501953125,12318.7998046875,40800,0.0,0.0
2020-03-31,12681.75,12930.7998046875,12466.599609375,12763.650390625,38800,0.0,0.0
2020-04-01,12680.5,12690.599609375,11989.599609375,12045.849609375,40900,0.0,0.0
2020-04-03,12129.849609375,12146.9501953125,11621.2001953125,11680.0498046875,40600,0.0,0.0
2020-04-07,12147.0,12647.400390625,12132.2998046875,12588.9501953125,39400,0.0,0.0
2020-04-08,12468.599609375,12897.5,12437.75,12491.5498046875,40400,0.0,0.0
2020-04-09,12810.7998046875,12867.349609375,12648.7998046875,12728.5498046875,36100,0.0,0.0
2020-04-13,12698.849609375,12795.7001953125,12527.150390625,12603.099609375,28500,0.0,0.0
2020-04-15,12792.4501953125,12951.400390625,12661.0,12702.599609375,47900,0.0,0.0
2020-04-16,12430.2998046875,12605.400390625,12205.900390625,12463.599609375,69400,0.0,0.0
2020-04-17,12878.349609375,12992.0498046875,12596.650390625,12649.25,46500,0.0,0.0
2020-04-20,12812.599609375,12937.9501953125,12742.5498046875,12847.650390625,39200,0.0,0.0
2020-04-21,12513.650390625,12632.5,12375.7998046875,12408.849609375,37300,0.0,0.0
2020-04-22,12393.900390625,12619.4501953125,12322.9501953125,12571.2998046875,27600,0.0,0.0
2020-04-23,12639.7998046875,13199.75,12596.599609375,13128.2001953125,39800,0.0,0.0
2020-04-24,13001.900390625,13101.400390625,12792.900390625,12816.2001953125,32500,0.0,0.0
2020-04-27,12957.349609375,13248.9501953125,12928.0498046875,13121.150390625,40200,0.0,0.0
2020-04-28,13301.9501953125,13317.2001953125,13067.75,13133.650390625,38800,0.0,0.0
2020-04-29,13250.599609375,13470.7998046875,13144.7998046875,13424.9501953125,37600,0.0,0.0
2020-04-30,13841.599609375,14212.099609375,13750.25,14108.400390625,61200,0.0,0.0
2020-05-04,13646.099609375,13700.25,13424.349609375,13454.25,48700,0.0,0.0
2020-05-05,13637.7998046875,13667.849609375,13351.4501953125,13388.0498046875,35400,0.0,0.0
2020-05-06,13437.2998046875,13580.0498046875,13262.25,13394.7001953125,39800,0.0,0.0
2020-05-07,13408.0,13489.5498046875,13268.400390625,13292.7001953125,48600,0.0,0.0
2020-05-08,13509.4501953125,13530.849609375,13324.0,13403.599609375,0,0.0,0.0
2020-05-11,13521.599609375,13763.7998046875,13489.25,13593.5498046875,29800,0.0,0.0
2020-05-12,13537.150390625,13733.5,13480.75,13687.75,32000,0.0,0.0
2020-05-13,13960.349609375,13960.349609375,13612.7998046875,13776.9501953125,26700,0.0,0.0
2020-05-14,13396.0498046875,13483.7001953125,13246.7998046875,13293.75,40100,0.0,0.0
2020-05-15,13375.4501953125,13375.7998046875,13108.400390625,13196.349609375,30500,0.0,0.0
2020-05-18,13278.25,13408.7998046875,13109.9501953125,13314.400390625,35400,0.0,0.0
2020-05-19,13272.349609375,13524.2001953125,13197.599609375,13446.599609375,28300,0.0,0.0
2020-05-20,13443.5,13556.900390625,13362.5498046875,13517.400390625,27900,0.0,0.0
2020-05-21,13495.400390625,13732.0,13468.5,13647.900390625,28500,0.0,0.0
2020-05-22,13622.25,13902.7998046875,13571.650390625,13842.650390625,37800,0.0,0.0
2020-05-26,13860.849609375,13930.849609375,13522.9501953125,13574.9501953125,28700,0.0,0.0
2020-05-27,13667.150390625,14017.0498046875,13488.099609375,13952.900390625,40500,0.0,0.0
2020-05-28,13964.900390625,14068.2998046875,13759.150390625,14028.599609375,41100,0.0,0.0
2020-05-29,13893.400390625,14080.5498046875,13762.9501953125,14010.5,86600,0.0,0.0
2020-06-01,14155.650390625,14431.349609375,14140.849609375,14307.099609375,45100,0.0,0.0
2020-06-02,14358.0,14492.2998046875,14269.7001953125,14422.400390625,34100,0.0,0.0
2020-06-03,14507.25,14549.0,14317.2001953125,14361.7001953125,40000,0.0,0.0
2020-06-04,14380.849609375,14695.099609375,14380.849609375,14627.4501953125,44600,0.0,0.0
2020-06-05,14715.900390625,14732.849609375,14599.75,14627.4501953125,38700,0.0,0.0
2020-06-08,14824.75,14990.25,14713.4501953125,14894.599609375,48700,0.0,0.0
2020-06-09,14869.400390625,14983.2001953125,14712.2998046875,14737.849609375,39000,0.0,0.0
2020-06-10,14774.7998046875,14882.599609375,14690.900390625,14842.0498046875,39400,0.0,0.0
2020-06-11,14823.9501953125,14840.650390625,14585.4501953125,14619.4501953125,34700,0.0,0.0
2020-06-12,14125.7998046875,14442.650390625,14123.5498046875,14402.75,35500,0.0,0.0
2020-06-15,14444.25,14571.9501953125,14238.0498046875,14396.7001953125,0,0.0,0.0
2020-06-16,14634.0,14667.400390625,14375.5,14450.7998046875,0,0.0,0.0
2020-06-17,14418.7998046875,14559.5498046875,14382.9501953125,14478.4501953125,0,0.0,0.0
2020-06-18,14478.650390625,14623.9501953125,14443.0,14551.25,0,0.0,0.0
2020-06-19,14532.7001953125,14625.7998046875,14422.4501953125,14499.7998046875,0,0.0,0.0
2020-06-22,14537.7998046875,14550.349609375,14432.4501953125,14463.7001953125,27900,0.0,0.0
2020-06-23,14398.4501953125,14725.400390625,14320.7001953125,14680.400390625,45700,0.0,0.0
2020-06-24,14675.7001953125,14761.2001953125,14547.2001953125,14581.4501953125,36300,0.0,0.0
2020-06-25,14486.400390625,14590.5,14383.599609375,14411.2001953125,36300,0.0,0.0
2020-06-26,14496.7001953125,15086.0,14476.4501953125,14994.650390625,77800,0.0,0.0
2020-06-29,14874.2001953125,14979.2001953125,14737.4501953125,14768.0,28100,0.0,0.0
2020-06-30,14812.7001953125,14854.400390625,14692.4501953125,14754.2998046875,25900,0.0,0.0
2020-07-01,14767.349609375,14842.849609375,14704.5,14732.150390625,19800,0.0,0.0
2020-07-02,14803.5,15195.2001953125,14782.4501953125,15122.5498046875,41200,0.0,0.0
2020-07-03,15164.25,15336.849609375,15148.5,15285.900390625,27200,0.0,0.0
2020-07-06,15351.7001953125,15580.5,15351.7001953125,15464.9501953125,31900,0.0,0.0
2020-07-07,15528.0498046875,15806.849609375,15440.099609375,15784.9501953125,51600,0.0,0.0
2020-07-08,15765.0,15765.0498046875,15473.5,15513.650390625,28400,0.0,0.0
2020-07-09,15572.349609375,15663.4501953125,15468.400390625,15535.9501953125,26600,0.0,0.0
2020-07-10,15471.7001953125,15656.0498046875,15417.5,15565.2001953125,27600,0.0,0.0
2020-07-13,15643.099609375,15885.5498046875,15624.7998046875,15819.2001953125,44800,0.0,0.0
2020-07-14,15779.5,15941.650390625,15611.849609375,15640.5498046875,42000,0.0,0.0
2020-07-15,15853.7998046875,16624.650390625,15830.5,16459.849609375,193800,0.0,0.0
2020-07-16,16971.25,17491.150390625,16715.75,16926.05078125,190500,0.0,0.0
2020-07-17,16936.94921875,16975.19921875,16693.349609375,16821.349609375,88200,0.0,0.0
2020-07-20,16880.349609375,17376.150390625,16849.150390625,17258.30078125,61200,0.0,0.0
2020-07-21,17453.349609375,17514.05078125,17219.69921875,17273.19921875,63700,0.0,0.0
2020-07-22,17317.30078125,17321.69921875,16978.400390625,17076.05078125,38300,0.0,0.0
2020-07-23,17071.80078125,17082.55078125,16949.150390625,17045.19921875,35700,0.0,0.0
2020-07-24,16944.55078125,17322.69921875,16944.55078125,17286.0,75700,0.0,0.0
2020-07-27,17323.0,17735.650390625,17290.55078125,17626.75,65300,0.0,0.0
2020-07-28,17647.900390625,18103.650390625,17634.400390625,18042.75,74600,0.0,0.0
2020-07-29,17959.80078125,18108.69921875,17783.30078125,17880.5,45700,0.0,0.0
2020-07-30,17995.25,18252.69921875,17967.19921875,18003.55078125,63700,0.0,0.0
2020-07-31,18166.30078125,18353.5,17909.30078125,18071.849609375,47100,0.0,0.0
2020-08-03,18099.400390625,18140.849609375,17840.30078125,17965.80078125,33100,0.0,0.0
2020-08-04,18029.400390625,18092.0,17716.400390625,17808.0,0,0.0,0.0
2020-08-05,17889.55078125,18139.25,17818.150390625,17869.80078125,35500,0.0,0.0
2020-08-06,18009.69921875,18222.80078125,17943.849609375,18188.75,43900,0.0,0.0
2020-08-07,18182.30078125,18182.30078125,17977.69921875,18004.150390625,32100,0.0,0.0
2020-08-10,18090.25,18205.25,18016.80078125,18159.55078125,26000,0.0,0.0
2020-08-11,18202.5,18331.650390625,18036.5,18057.099609375,30800,0.0,0.0
2020-08-12,18077.150390625,18109.80078125,17900.0,18066.0,38900,0.0,0.0
2020-08-13,18141.349609375,18344.05078125,18032.900390625,18107.19921875,35300,0.0,0.0
2020-08-14,18137.30078125,18230.099609375,17994.650390625,18022.650390625,25700,0.0,0.0
2020-08-17,18136.650390625,18306.94921875,18103.30078125,18223.599609375,39300,0.0,0.0
2020-08-18,18318.599609375,18375.150390625,18209.55078125,18270.349609375,0,0.0,0.0
2020-08-19,18340.0,18354.80078125,18187.55078125,18210.849609375,0,0.0,0.0
2020-08-20,18181.400390625,18252.30078125,18083.25,18126.099609375,0,0.0,0.0
2020-08-21,18266.900390625,18282.55078125,18047.94921875,18065.30078125,0,0.0,0.0
2020-08-24,18092.55078125,18112.900390625,17915.599609375,18010.94921875,0,0.0,0.0
2020-08-25,18028.80078125,18047.5,17914.5,17973.69921875,0,0.0,0.0
2020-08-26,18022.69921875,18156.150390625,17940.69921875,18128.0,0,0.0,0.0
2020-08-27,18231.94921875,18305.55078125,18075.75,18102.650390625,0,0.0,0.0
2020-08-28,18216.30078125,18253.599609375,18093.44921875,18122.0,0,0.0,0.0
2020-08-31,18163.25,18426.400390625,17791.849609375,17928.849609375,0,0.0,0.0
2020-09-01,17954.599609375,18154.400390625,17775.650390625,17814.05078125,0,0.0,0.0
2020-09-02,17860.650390625,18114.849609375,17858.30078125,18077.0,0,0.0,0.0
2020-09-03,18148.25,18497.94921875,18108.0,18348.55078125,0,0.0,0.0
2020-09-04,18049.19921875,18259.80078125,18012.80078125,18073.94921875,0,0.0,0.0
2020-09-07,18093.05078125,18208.94921875,17962.349609375,18176.80078125,28400,0.0,0.0
2020-09-08,18304.25,18671.75,18213.55078125,18395.75,0,0.0,0.0
2020-09-09,18264.19921875,18439.55078125,18193.44921875,18261.5,0,0.0,0.0
2020-09-10,18385.94921875,18416.75,18217.099609375,18395.849609375,0,0.0,0.0
2020-09-11,18347.650390625,18740.849609375,18338.099609375,18633.25,0,0.0,0.0
2020-09-14,18804.849609375,19592.30078125,18799.55078125,19505.099609375,0,0.0,0.0
2020-09-15,19511.5,19823.0,19392.349609375,19627.30078125,0,0.0,0.0
2020-09-16,19642.30078125,19802.400390625,19533.69921875,19770.349609375,0,0.0,0.0
2020-09-17,19660.44921875,20014.650390625,19605.05078125,19817.69921875,0,0.0,0.0
2020-09-18,19889.94921875,20067.69921875,19777.75,19827.099609375,0,0.0,0.0
2020-09-21,19855.55078125,20331.599609375,19683.849609375,19729.0,0,0.0,0.0
2020-09-22,19813.349609375,20113.400390625,19376.69921875,19866.099609375,0,0.0,0.0
2020-09-23,20016.80078125,20226.30078125,19615.150390625,19805.650390625,0,0.0,0.0
2020-09-24,19630.30078125,19658.0,18914.69921875,18973.05078125,0,0.0,0.0
2020-09-25,19108.75,19678.5,19077.849609375,19629.349609375,0,0.0,0.0
2020-09-28,19774.75,19836.94921875,19463.650390625,19783.05078125,0,0.0,0.0
2020-09-29,19891.05078125,20146.349609375,19782.349609375,19831.80078125,0,0.0,0.0
2020-09-30,19880.599609375,20048.55078125,19741.650390625,19951.349609375,0,0.0,0.0
2020-10-01,20129.80078125,20196.05078125,20009.30078125,20110.400390625,0,0.0,0.0
2020-10-05,20375.900390625,20940.900390625,20341.44921875,20809.0,0,0.0,0.0
2020-10-06,20995.30078125,20995.30078125,20573.900390625,20896.75,0,0.0,0.0
2020-10-07,20897.55078125,21121.599609375,20771.650390625,21017.400390625,0,0.0,0.0
2020-10-08,21531.849609375,22169.30078125,21501.94921875,21697.25,0,0.0,0.0
2020-10-09,21703.44921875,21922.75,21540.650390625,21837.650390625,0,0.0,0.0
2020-10-12,21990.849609375,22320.0,21845.05078125,22202.099609375,0,0.0,0.0
2020-10-13,22230.19921875,22619.0,22186.05078125,22492.599609375,0,0.0,0.0
2020-10-14,22475.849609375,22490.30078125,22129.94921875,22204.05078125,0,0.0,0.0
2020-10-15,22473.650390625,22570.5,21364.150390625,21567.30078125,0,0.0,0.0
2020-10-16,21638.25,21908.80078125,21247.55078125,21538.150390625,0,0.0,0.0
2020-10-19,21683.80078125,21683.80078125,21354.900390625,21391.900390625,0,0.0,0.0
2020-10-20,21397.5,21779.80078125,21346.05078125,21694.349609375,0,0.0,0.0
2020-10-21,21757.05078125,21892.30078125,21406.099609375,21577.650390625,0,0.0,0.0
2020-10-22,21480.69921875,21767.05078125,21290.44921875,21413.5,0,0.0,0.0
2020-10-23,21546.650390625,21621.599609375,21385.150390625,21523.599609375,0,0.0,0.0
2020-10-26,21493.30078125,21595.80078125,21148.650390625,21265.69921875,0,0.0,0.0
2020-10-27,21287.099609375,21371.599609375,20932.69921875,21023.400390625,0,0.0,0.0
2020-10-28,21121.900390625,21194.75,20701.0,20810.30078125,0,0.0,0.0
2020-10-29,20667.69921875,20961.05078125,20548.30078125,20876.94921875,0,0.0,0.0
2020-10-30,20912.94921875,21197.30078125,20797.5,20916.849609375,0,0.0,0.0
2020-11-02,20964.150390625,21012.44921875,20669.349609375,20732.30078125,0,0.0,0.0
2020-11-03,20792.25,21017.94921875,20679.650390625,20736.0,0,0.0,0.0
2020-11-04,20769.900390625,21468.44921875,20765.80078125,21104.55078125,0,0.0,0.0
2020-11-05,21383.69921875,21596.0,21284.599609375,21385.650390625,0,0.0,0.0
2020-11-06,21435.150390625,21582.19921875,21251.55078125,21492.30078125,0,0.0,0.0
2020-11-09,21751.650390625,21926.900390625,21620.55078125,21820.150390625,0,0.0,0.0
2020-11-10,21633.099609375,21633.099609375,20862.69921875,20978.5,0,0.0,0.0
2020-11-11,21029.25,21365.650390625,20967.80078125,21330.5,0,0.0,0.0
2020-11-12,21380.19921875,21610.05078125,21291.69921875,21363.349609375,0,0.0,0.0
2020-11-13,21305.349609375,21462.0,21219.80078125,21436.849609375,0,0.0,0.0
2020-11-17,21704.05078125,21706.19921875,21361.44921875,21488.55078125,0,0.0,0.0
2020-11-18,21519.150390625,21557.099609375,21153.849609375,21314.849609375,0,0.0,0.0
2020-11-19,21285.75,21451.80078125,21070.25,21114.44921875,0,0.0,0.0
2020-11-20,21275.349609375,21500.650390625,21121.75,21409.25,0,0.0,0.0
2020-11-23,21551.849609375,22047.05078125,21432.650390625,22007.05078125,0,0.0,0.0
2020-11-24,22099.599609375,22281.849609375,22016.94921875,22064.30078125,0,0.0,0.0
2020-11-25,22087.900390625,22132.900390625,21675.900390625,21705.900390625,0,0.0,0.0
2020-11-26,21717.400390625,21919.150390625,21544.05078125,21859.900390625,36600,0.0,0.0
2020-11-27,21879.150390625,21972.94921875,21697.0,21764.900390625,0,0.0,0.0
2020-12-01,21921.099609375,22216.44921875,21814.400390625,22170.900390625,0,0.0,0.0
2020-12-02,22149.349609375,22371.55078125,21961.44921875,22319.0,0,0.0,0.0
2020-12-03,22458.75,22458.80078125,22147.30078125,22202.19921875,0,0.0,0.0
2020-12-04,22222.25,22347.849609375,22130.30078125,22309.80078125,0,0.0,0.0
2020-12-07,22333.30078125,22482.900390625,22271.0,22440.900390625,0,0.0,0.0
2020-12-08,22484.349609375,22737.94921875,22387.349609375,22617.400390625,0,0.0,0.0
2020-12-09,22799.94921875,22895.5,22720.5,22803.44921875,0,0.0,0.0
2020-12-10,22693.94921875,22809.55078125,22606.599609375,22755.75,0,0.0,0.0
2020-12-11,22754.5,22901.75,22541.099609375,22664.0,0,0.0,0.0
2020-12-14,22786.0,22792.44921875,22487.30078125,22746.69921875,30500,0.0,0.0
2020-12-15,22656.349609375,22779.69921875,22608.349609375,22715.099609375,29900,0.0,0.0
2020-12-16,22830.400390625,22933.80078125,22701.55078125,22906.25,0,0.0,0.0
2020-12-17,22913.150390625,22960.5,22835.400390625,22892.25,0,0.0,0.0
2020-12-18,23173.150390625,23416.5,23148.5,23256.599609375,0,0.0,0.0
2020-12-21,23233.5,23506.69921875,22458.150390625,22844.599609375,0,0.0,0.0
2020-12-22,22921.849609375,23680.900390625,22745.25,23611.599609375,0,0.0,0.0
2020-12-23,23787.80078125,24228.80078125,23758.400390625,24167.75,0,0.0,0.0
2020-12-24,24163.19921875,24163.19921875,23828.05078125,24009.25,0,0.0,0.0
2020-12-28,24065.400390625,24192.05078125,24037.80078125,24100.30078125,0,0.0,0.0
2020-12-29,24093.05078125,24424.19921875,24090.30078125,24274.05078125,0,0.0,0.0
2020-12-30,24312.5,24394.75,24176.25,24330.05078125,0,0.0,0.0
2020-12-31,24255.94921875,24295.19921875,24137.80078125,24251.349609375,0,0.0,0.0
2021-01-04,24612.05078125,25158.849609375,24508.94921875,25110.05078125,0,0.0,0.0
2021-01-05,25057.650390625,25824.150390625,25029.849609375,25769.150390625,0,0.0,0.0
2021-01-06,25841.30078125,26036.69921875,25240.5,25419.150390625,0,0.0,0.0
2021-01-07,25692.05078125,25702.30078125,25131.900390625,25251.19921875,0,0.0,0.0
2021-01-08,25558.30078125,26227.5,25523.75,26162.400390625,0,0.0,0.0
2021-01-11,26703.19921875,27095.75,26528.0,27027.75,0,0.0,0.0
2021-01-12,27008.0,27127.25,26805.0,26982.099609375,0,0.0,0.0
2021-01-13,27077.69921875,27103.900390625,26737.400390625,27004.30078125,0,0.0,0.0
2021-01-14,26804.650390625,27176.5,26245.099609375,26965.55078125,0,0.0,0.0
2021-01-15,26939.69921875,27037.650390625,26301.400390625,26362.80078125,0,0.0,0.0
2021-01-18,26395.599609375,26423.599609375,25830.400390625,25916.25,54400,0.0,0.0
2021-01-19,26080.099609375,26254.05078125,25987.30078125,26043.5,41600,0.0,0.0
2021-01-20,26147.19921875,26758.099609375,26142.94921875,26619.69921875,0,0.0,0.0
2021-01-21,26808.5,26872.94921875,26321.80078125,26450.150390625,0,0.0,0.0
2021-01-22,26316.55078125,26667.55078125,26292.80078125,26489.75,0,0.0,0.0
2021-01-25,26607.650390625,26685.80078125,25911.80078125,26023.30078125,0,0.0,0.0
2021-01-27,26073.099609375,26236.55078125,25628.69921875,25865.30078125,0,0.0,0.0
2021-01-28,25639.900390625,25807.650390625,25239.69921875,25301.25,0,0.0,0.0
2021-01-29,25516.80078125,25539.849609375,24559.650390625,24645.75,0,0.0,0.0
2021-02-01,24709.25,25139.150390625,24308.900390625,24922.69921875,0,0.0,0.0
2021-02-02,25277.44921875,25574.75,25107.19921875,25447.80078125,38500,0.0,0.0
2021-02-03,25590.05078125,25949.69921875,25341.400390625,25680.900390625,35500,0.0,0.0
2021-02-04,25749.69921875,25862.5,25505.25,25570.05078125,0,0.0,0.0
2021-02-05,25689.69921875,25733.5,25188.400390625,25331.599609375,0,0.0,0.0
2021-02-08,25588.5,26028.0,25415.94921875,25915.599609375,0,0.0,0.0
2021-02-09,25933.80078125,26301.19921875,25659.900390625,25779.150390625,0,0.0,0.0
2021-02-10,25779.900390625,25941.05078125,25570.19921875,25885.30078125,0,0.0,0.0
2021-02-11,25860.849609375,26080.150390625,25795.849609375,26043.44921875,0,0.0,0.0
2021-02-12,26111.80078125,26455.05078125,26012.25,26093.80078125,0,0.0,0.0
2021-02-15,26243.099609375,26279.30078125,25959.099609375,26001.099609375,0,0.0,0.0
2021-02-16,26130.400390625,26167.849609375,25519.94921875,25613.94921875,0,0.0,0.0
2021-02-17,25610.400390625,25672.25,25234.69921875,25282.94921875,0,0.0,0.0
2021-02-18,25270.94921875,25686.849609375,25262.650390625,25618.55078125,0,0.0,0.0
2021-02-19,25634.94921875,25676.0,25292.650390625,25503.19921875,0,0.0,0.0
2021-02-22,25579.75,25617.349609375,24646.44921875,24766.44921875,0,0.0,0.0
2021-02-23,24933.69921875,25199.599609375,24709.150390625,24807.80078125,0,0.0,0.0
2021-02-24,24814.55078125,24872.349609375,24518.69921875,24779.400390625,19700,0.0,0.0
2021-02-25,24979.0,25199.80078125,24830.69921875,24872.44921875,34500,0.0,0.0
2021-02-26,24611.19921875,24689.0,24212.80078125,24301.44921875,0,0.0,0.0
2021-03-01,24494.650390625,24846.099609375,24451.44921875,24556.30078125,0,0.0,0.0
2021-03-02,24809.69921875,25435.400390625,24770.349609375,25301.849609375,0,0.0,0.0
2021-03-03,25582.599609375,25814.900390625,25331.400390625,25772.650390625,0,0.0,0.0
2021-03-04,25471.69921875,25981.349609375,25450.44921875,25631.849609375,0,0.0,0.0
2021-03-05,25504.69921875,25697.75,25113.44921875,25229.599609375,0,0.0,0.0
2021-03-08,25368.19921875,25549.30078125,25259.599609375,25347.94921875,0,0.0,0.0
2021-03-09,25388.80078125,25685.80078125,25095.349609375,25582.349609375,0,0.0,0.0
2021-03-10,25862.05078125,26136.55078125,25782.30078125,26010.099609375,0,0.0,0.0
2021-03-12,26060.44921875,26298.0,25819.900390625,25888.25,0,0.0,0.0
2021-03-15,25859.150390625,26094.150390625,25651.80078125,26032.05078125,0,0.0,0.0
2021-03-16,26132.44921875,26602.650390625,26111.099609375,26363.849609375,0,0.0,0.0
2021-03-17,26378.19921875,26657.099609375,26113.75,26183.5,0,0.0,0.0
2021-03-18,26365.900390625,26395.94921875,25012.5,25373.349609375,0,0.0,0.0
2021-03-19,25273.349609375,25687.400390625,25028.30078125,25562.75,0,0.0,0.0
2021-03-22,25649.05078125,26102.80078125,25418.44921875,26035.349609375,0,0.0,0.0
2021-03-23,26105.69921875,26315.80078125,25928.0,26105.69921875,0,0.0,0.0
2021-03-24,25863.55078125,26114.599609375,25738.150390625,25802.94921875,0,0.0,0.0
2021-03-25,25739.80078125,25766.0,25131.400390625,25237.099609375,0,0.0,0.0
2021-03-26,25475.30078125,25687.05078125,25276.599609375,25385.099609375,0,0.0,0.0
2021-03-30,25531.099609375,26306.650390625,25429.19921875,26121.099609375,44200,0.0,0.0
2021-03-31,26130.599609375,26130.599609375,25788.0,25855.0,0,0.0,0.0
2021-04-01,26039.849609375,26289.099609375,25855.349609375,25980.400390625,0,0.0,0.0
2021-04-05,26035.5,26630.80078125,25978.94921875,26491.400390625,0,0.0,0.0
2021-04-06,26715.19921875,26715.19921875,26403.44921875,26532.19921875,0,0.0,0.0
2021-04-07,26514.94921875,26899.19921875,26401.69921875,26831.0,0,0.0,0.0
2021-04-08,26899.5,27413.55078125,26845.849609375,27148.400390625,0,0.0,0.0
2021-04-09,27322.05078125,27520.099609375,27109.94921875,27367.05078125,0,0.0,0.0
2021-04-12,27504.400390625,27524.599609375,26545.650390625,26727.80078125,0,0.0,0.0
2021-04-13,26737.69921875,26759.19921875,25513.400390625,25851.30078125,0,0.0,0.0
2021-04-15,25577.0,26084.150390625,25293.30078125,26010.849609375,0,0.0,0.0
2021-04-16,26183.44921875,26476.650390625,26131.19921875,26324.900390625,0,0.0,0.0
2021-04-19,26012.400390625,26524.650390625,25875.900390625,26236.900390625,0,0.0,0.0
2021-04-20,26495.599609375,26496.5,25736.44921875,25877.599609375,0,0.0,0.0
2021-04-22,25902.599609375,26055.0,25718.599609375,25826.69921875,64600,0.0,0.0
2021-04-23,25746.44921875,25926.05078125,25531.94921875,25609.099609375,0,0.0,0.0
2021-04-26,25633.099609375,25887.099609375,25521.19921875,25680.30078125,0,0.0,0.0
2021-04-27,25737.19921875,25871.44921875,25686.94921875,25815.75,0,0.0,0.0
2021-04-28,25952.650390625,25992.5,25781.150390625,25962.099609375,0,0.0,0.0
2021-04-29,26162.19921875,26162.19921875,25827.150390625,25874.30078125,0,0.0,0.0
2021-04-30,25777.75,26154.30078125,25593.900390625,25664.44921875,0,0.0,0.0
2021-05-03,25544.849609375,25785.599609375,25427.900390625,25676.05078125,26600,0.0,0.0
2021-05-04,25783.19921875,25801.25,25398.94921875,25489.0,27200,0.0,0.0
2021-05-05,25670.55078125,25857.650390625,25564.599609375,25786.94921875,0,0.0,0.0
2021-05-06,25868.25,26387.650390625,25639.599609375,26258.69921875,0,0.0,0.0
2021-05-07,26378.80078125,26454.099609375,26180.25,26269.44921875,0,0.0,0.0
2021-05-10,26340.599609375,26390.80078125,26106.349609375,26273.44921875,0,0.0,0.0
2021-05-11,26098.900390625,26146.5,25968.099609375,26106.69921875,0,0.0,0.0
2021-05-12,26105.19921875,26105.19921875,25728.44921875,25855.44921875,0,0.0,0.0
2021-05-14,25896.19921875,25901.19921875,25461.94921875,25588.19921875,0,0.0,0.0
2021-05-17,25650.44921875,25770.5,25499.44921875,25703.55078125,0,0.0,0.0
2021-05-18,25898.900390625,26094.099609375,25840.55078125,25958.25,0,0.0,0.0
2021-05-19,25949.55078125,26262.69921875,25869.650390625,25982.80078125,0,0.0,0.0
2021-05-20,26075.400390625,26118.25,25821.55078125,25894.5,0,0.0,0.0
2021-05-21,26012.849609375,26154.0,25936.599609375,26105.30078125,0,0.0,0.0
2021-05-24,26150.599609375,26298.55078125,26095.400390625,26144.19921875,0,0.0,0.0
2021-05-25,26275.44921875,26550.55078125,26241.150390625,26393.900390625,0,0.0,0.0
2021-05-26,26450.69921875,26905.75,26380.5,26857.349609375,0,0.0,0.0
2021-05-27,26921.80078125,27350.25,26916.849609375,27164.80078125,0,0.0,0.0
2021-05-28,27238.099609375,27278.69921875,27041.900390625,27122.80078125,0,0.0,0.0
2021-05-31,27144.099609375,27203.900390625,26886.80078125,27115.05078125,0,0.0,0.0
2021-06-01,27216.75,27254.150390625,26953.5,27144.400390625,0,0.0,0.0
2021-06-02,27051.400390625,27118.69921875,26737.150390625,26939.650390625,0,0.0,0.0
2021-06-03,27088.44921875,27159.94921875,26855.19921875,26987.900390625,0,0.0,0.0
2021-06-04,27031.599609375,27167.5,26914.599609375,26996.75,0,0.0,0.0
2021-06-07,27078.400390625,27330.400390625,26997.80078125,27295.650390625,0,0.0,0.0
2021-06-08,27400.80078125,27732.349609375,27376.94921875,27623.80078125,0,0.0,0.0
2021-06-09,27691.30078125,27793.80078125,27436.349609375,27539.0,0,0.0,0.0
2021-06-10,27676.5,27822.099609375,27649.94921875,27798.0,0,0.0,0.0
2021-06-11,27866.25,28347.5,27820.5,28217.5,0,0.0,0.0
2021-06-14,28371.900390625,28467.349609375,28134.650390625,28314.099609375,0,0.0,0.0
2021-06-15,28384.69921875,28544.599609375,28325.900390625,28377.849609375,0,0.0,0.0
2021-06-16,28384.150390625,28600.19921875,28241.25,28448.849609375,0,0.0,0.0
2021-06-17,28355.150390625,28714.599609375,28343.05078125,28611.349609375,0,0.0,0.0
2021-06-18,28829.5,28934.05078125,28227.55078125,28445.599609375,0,0.0,0.0
2021-06-21,28224.099609375,28393.05078125,28083.75,28367.0,0,0.0,0.0
2021-06-22,28514.150390625,28656.400390625,28396.5,28523.55078125,0,0.0,0.0
2021-06-23,28719.650390625,28719.650390625,28229.349609375,28258.5,0,0.0,0.0
2021-06-24,28395.44921875,29098.94921875,28357.30078125,29048.0,0,0.0,0.0
2021-06-25,29176.75,29284.0,28874.599609375,29210.55078125,0,0.0,0.0
2021-06-28,29259.599609375,29259.599609375,28977.75,29068.55078125,0,0.0,0.0
2021-06-29,29049.650390625,29183.849609375,28934.150390625,28986.25,0,0.0,0.0
2021-06-30,29057.150390625,29311.55078125,29036.94921875,29168.0,0,0.0,0.0
2021-07-01,29193.05078125,29193.05078125,28953.05078125,29003.099609375,15900,0.0,0.0
2021-07-02,28983.5,29028.349609375,28704.0,29007.94921875,16400,0.0,0.0
2021-07-05,29117.44921875,29185.599609375,28907.75,28950.599609375,0,0.0,0.0
2021-07-06,28924.0,28986.099609375,28607.599609375,28649.400390625,0,0.0,0.0
2021-07-07,28708.599609375,28790.30078125,28381.30078125,28734.650390625,0,0.0,0.0
2021-07-08,28821.75,28934.44921875,28541.94921875,28749.0,0,0.0,0.0
2021-07-09,28669.19921875,28898.849609375,28549.25,28662.19921875,0,0.0,0.0
2021-07-12,28837.05078125,28854.55078125,28421.55078125,28532.349609375,0,0.0,0.0
2021-07-13,28674.69921875,28681.19921875,28381.900390625,28439.75,0,0.0,0.0
2021-07-14,28581.25,29376.900390625,28534.849609375,29339.849609375,0,0.0,0.0
2021-07-15,29303.349609375,29835.900390625,29284.80078125,29718.05078125,0,0.0,0.0
2021-07-16,29734.75,29734.75,29287.25,29400.25,0,0.0,0.0
2021-07-19,29248.30078125,29592.349609375,29167.349609375,29264.0,0,0.0,0.0
2021-07-20,29282.80078125,29410.5,28992.0,29252.5,0,0.0,0.0
2021-07-22,29335.69921875,29808.44921875,29335.69921875,29779.94921875,0,0.0,0.0
2021-07-23,29895.599609375,30059.69921875,29848.05078125,29894.30078125,0,0.0,0.0
2021-07-26,29886.19921875,30139.19921875,29859.599609375,29940.400390625,0,0.0,0.0
2021-07-27,29967.900390625,30048.349609375,29698.94921875,29892.55078125,0,0.0,0.0
2021-07-28,29934.05078125,29993.55078125,29510.349609375,29954.150390625,0,0.0,0.0
2021-07-29,30037.19921875,30406.0,30037.099609375,30371.400390625,0,0.0,0.0
2021-07-30,30546.849609375,30818.55078125,30438.349609375,30480.05078125,0,0.0,0.0
2021-08-02,30681.94921875,30832.30078125,30547.0,30803.05078125,0,0.0,0.0
2021-08-03,30974.75,31196.44921875,30872.349609375,31165.849609375,0,0.0,0.0
2021-08-04,31296.80078125,31338.80078125,30895.44921875,30977.150390625,0,0.0,0.0
2021-08-05,31025.150390625,31560.19921875,30980.900390625,31211.19921875,0,0.0,0.0
2021-08-06,31251.19921875,31460.30078125,31057.599609375,31303.30078125,0,0.0,0.0
2021-08-09,31523.5,31685.400390625,31324.75,31441.0,0,0.0,0.0
2021-08-10,31489.94921875,31812.75,31431.150390625,31713.400390625,29900,0.0,0.0
2021-08-11,31767.900390625,31799.75,31522.400390625,31670.0,21200,0.0,0.0
2021-08-12,31667.349609375,32289.849609375,31667.349609375,32245.099609375,29100,0.0,0.0
2021-08-13,32308.849609375,32821.8984375,32264.150390625,32678.80078125,32200,0.0,0.0
2021-08-16,32671.75,32905.3515625,32438.25,32577.94921875,18000,0.0,0.0
2021-08-17,32614.0,33487.1015625,32449.650390625,33414.75,42300,0.0,0.0
2021-08-18,33482.8515625,33840.44921875,33268.6015625,33448.8984375,29400,0.0,0.0
2021-08-20,32954.19921875,33652.3984375,32949.8984375,33351.3515625,28500,0.0,0.0
2021-08-23,33582.1484375,34153.3984375,33567.3515625,33919.80078125,36600,0.0,0.0
2021-08-24,34145.25,34262.6015625,33634.75,33838.3984375,28600,0.0,0.0
2021-08-25,33887.75,34399.8515625,33764.1015625,34083.94921875,25300,0.0,0.0
2021-08-26,34092.8984375,34375.94921875,33929.69921875,34041.1015625,21000,0.0,0.0
2021-08-27,34036.44921875,34392.8515625,33799.05078125,34309.80078125,26200,0.0,0.0
2021-08-30,34338.75,34480.1484375,34027.5,34109.25,21200,0.0,0.0
2021-08-31,34205.80078125,34680.6484375,34043.6015625,34570.25,40000,0.0,0.0
2021-09-01,34698.75,34780.0,34037.1484375,34110.5,22300,0.0,0.0
2021-09-02,34218.25,34846.8984375,34051.8984375,34680.30078125,27500,0.0,0.0
2021-09-03,34744.44921875,34997.69921875,34490.6484375,34891.19921875,20900,0.0,0.0
2021-09-06,34992.05078125,35464.3984375,34855.94921875,35415.1015625,27600,0.0,0.0
2021-09-07,35549.30078125,35581.55078125,34906.8515625,34951.30078125,19400,0.0,0.0
2021-09-08,34973.8984375,34979.30078125,34515.44921875,34678.19921875,22700,0.0,0.0
2021-09-09,34676.19921875,34862.8515625,34530.0,34802.30078125,18000,0.0,0.0
2021-09-13,34688.30078125,35242.5,34573.69921875,35129.6015625,21100,0.0,0.0
2021-09-14,35224.25,35476.8984375,35020.69921875,35431.5,20200,0.0,0.0
2021-09-15,35462.3515625,36200.0,35375.3515625,36075.19921875,23100,0.0,0.0
2021-09-16,36151.3515625,36310.75,35694.8515625,35852.44921875,19500,0.0,0.0
2021-09-17,35915.3984375,36131.25,35527.0,35646.5,30300,0.0,0.0
2021-09-20,35462.3984375,36130.55078125,35346.19921875,35400.05078125,22500,0.0,0.0
2021-09-21,35609.1015625,36127.80078125,35332.8515625,36086.05078125,19600,0.0,0.0
2021-09-22,36154.05078125,36713.1484375,36145.94921875,36422.44921875,25700,0.0,0.0
2021-09-23,36691.94921875,36867.44921875,36532.44921875,36816.8984375,16700,0.0,0.0
2021-09-24,37128.75,37823.1484375,37055.0,37103.25,39400,0.0,0.0
2021-09-27,37335.8984375,37345.05078125,35968.75,36034.3984375,29900,0.0,0.0
2021-09-28,36082.0,36082.0,34924.55078125,35239.94921875,34200,0.0,0.0
2021-09-29,34894.8984375,35578.30078125,34733.94921875,35282.6484375,37000,0.0,0.0
2021-09-30,35394.8984375,35408.1015625,34975.6015625,35028.0,25400,0.0,0.0
2021-10-01,34955.5,35100.8984375,34719.80078125,34780.6015625,20000,0.0,0.0
2021-10-04,34923.80078125,35184.55078125,34778.25,35126.1484375,16800,0.0,0.0
2021-10-05,34978.3984375,35650.8515625,34781.6015625,35544.30078125,20600,0.0,0.0
2021-10-06,35689.55078125,35801.5,35003.05078125,35075.80078125,18500,0.0,0.0
2021-10-07,35323.6015625,35903.94921875,35233.30078125,35703.8515625,17800,0.0,0.0
2021-10-08,35920.55078125,36703.55078125,35786.30078125,36402.0,31000,0.0,0.0
2021-10-11,35494.3984375,35690.3984375,34768.94921875,35179.94921875,43100,0.0,0.0
2021-10-12,35179.19921875,35294.1484375,34512.80078125,34869.75,41100,0.0,0.0
2021-10-13,35053.69921875,35324.44921875,34872.3984375,35285.6015625,29400,0.0,0.0
2021-10-14,35921.44921875,36412.44921875,35571.3984375,35744.8515625,111700,0.0,0.0
2021-10-18,36012.0,36400.6015625,35863.3984375,36306.3515625,58800,0.0,0.0
2021-10-19,36841.6015625,37491.8515625,36720.0,37106.3515625,53800,0.0,0.0
2021-10-20,37188.1484375,37463.8984375,36534.5,36846.80078125,37500,0.0,0.0
2021-10-21,36988.8984375,36988.8984375,35624.5,35913.6015625,38300,0.0,0.0
2021-10-22,35892.6484375,36297.19921875,35098.19921875,35394.6484375,30400,0.0,0.0
2021-10-25,35467.1015625,35521.05078125,34529.8515625,35005.3984375,32100,0.0,0.0
2021-10-26,35181.69921875,35699.8515625,34957.75,35162.3515625,40800,0.0,0.0
2021-10-27,35245.05078125,35578.0,35163.05078125,35503.8984375,23600,0.0,0.0
2021-10-28,35575.6484375,35575.6484375,34787.1015625,34913.6015625,22600,0.0,0.0
2021-10-29,34820.30078125,35178.75,34288.55078125,34408.75,26900,0.0,0.0
2021-11-01,34677.30078125,35328.55078125,34654.94921875,35290.0,19700,0.0,0.0
2021-11-02,35334.25,35522.3515625,35076.1484375,35177.3515625,17700,0.0,0.0
2021-11-03,35351.44921875,35525.75,35093.05078125,35177.1015625,15000,0.0,0.0
2021-11-04,35403.0,35452.3515625,35302.44921875,35334.25,2200,0.0,0.0
2021-11-08,35606.0,35852.5,35177.94921875,35782.3515625,22100,0.0,0.0
2021-11-09,35839.19921875,36117.94921875,35763.8515625,35815.1015625,18300,0.0,0.0
2021-11-10,35635.05078125,35862.44921875,35576.19921875,35722.94921875,15500,0.0,0.0
2021-11-11,35626.6484375,35697.0,35141.30078125,35583.6484375,19600,0.0,0.0
2021-11-12,35860.1015625,36378.05078125,35732.75,36332.30078125,23500,0.0,0.0
2021-11-15,36391.1015625,36646.25,36302.94921875,36465.30078125,18700,0.0,0.0
2021-11-16,36555.25,36794.25,36429.8984375,36643.8984375,23800,0.0,0.0
2021-11-17,36623.75,36835.94921875,36431.25,36660.8984375,19700,0.0,0.0
2021-11-18,36641.55078125,36702.3984375,35867.30078125,36007.0,22000,0.0,0.0
2021-11-22,36097.0,36097.0,35224.55078125,35478.94921875,24300,0.0,0.0
2021-11-23,35206.0,35645.44921875,34707.8515625,35504.3984375,24100,0.0,0.0
2021-11-24,35627.94921875,35662.6015625,34828.30078125,34966.25,20200,0.0,0.0
2021-11-25,34978.0,35365.75,34934.55078125,35300.25,16900,0.0,0.0
2021-11-26,35024.69921875,35190.1015625,34512.6015625,34606.1484375,17400,0.0,0.0
2021-11-29,34382.3984375,35104.3515625,33953.8984375,34870.75,21000,0.0,0.0
2021-11-30,35018.8984375,35654.19921875,34918.6015625,35043.75,68200,0.0,0.0
2021-12-01,35143.0,35652.19921875,35123.94921875,35429.0,20200,0.0,0.0
2021-12-02,35504.80078125,36195.6484375,35418.25,36157.8515625,23600,0.0,0.0
2021-12-03,36314.80078125,36518.80078125,35784.1484375,35848.05078125,22500,0.0,0.0
2021-12-06,35835.44921875,35953.75,34828.1484375,34879.3984375,17500,0.0,0.0
2021-12-07,35136.55078125,35384.0,34756.6015625,35272.30078125,16200,0.0,0.0
2021-12-08,35584.80078125,36131.94921875,35576.8515625,35959.05078125,18600,0.0,0.0
2021-12-09,35963.69921875,36114.0,35573.3515625,35946.3515625,12400,0.0,0.0
2021-12-10,35820.05078125,35974.75,35652.19921875,35939.6015625,11800,0.0,0.0
2021-12-13,36104.3515625,36507.30078125,35984.55078125,36050.55078125,20400,0.0,0.0
2021-12-14,35946.75,36252.05078125,35637.8515625,36102.55078125,17400,0.0,0.0
2021-12-15,36033.8984375,36060.0,35536.1484375,35737.19921875,13100,0.0,0.0
2021-12-16,36078.30078125,36354.8515625,35979.1484375,36160.30078125,18900,0.0,0.0
2021-12-17,36704.19921875,37013.25,36497.94921875,36647.8984375,89100,0.0,0.0
2021-12-20,36411.8515625,36598.3515625,35559.30078125,35916.44921875,29300,0.0,0.0
2021-12-21,36159.19921875,36970.55078125,36147.6015625,36627.1484375,32300,0.0,0.0
2021-12-22,36853.8515625,37014.75,36669.0,36989.1484375,18900,0.0,0.0
2021-12-23,37190.30078125,37528.0,37086.8984375,37362.8515625,18500,0.0,0.0
2021-12-24,37657.1484375,37822.1484375,37417.6484375,37727.80078125,34400,0.0,0.0
2021-12-27,37722.8984375,38029.30078125,37431.0,37988.5,19000,0.0,0.0
2021-12-28,38184.6015625,38500.25,38164.44921875,38357.80078125,19000,0.0,0.0
2021-12-29,38269.1015625,38484.8984375,38181.8984375,38274.6484375,14200,0.0,0.0
2021-12-30,38231.1484375,38897.6015625,38153.3515625,38658.80078125,27100,0.0,0.0
2021-12-31,38708.1484375,38861.1015625,38468.3984375,38701.05078125,16300,0.0,0.0
2022-01-03,38752.6015625,39286.3515625,38752.55078125,39123.80078125,16700,0.0,0.0
2022-01-04,39243.5,39446.69921875,38828.6015625,39370.69921875,19900,0.0,0.0
2022-01-05,39261.55078125,39293.1484375,38409.25,38609.1484375,25200,0.0,0.0
2022-01-06,38181.3515625,38206.6015625,37757.19921875,38009.0,25900,0.0,0.0
2022-01-07,38140.1484375,38394.80078125,38003.1484375,38139.8515625,21600,0.0,0.0
2022-01-10,38596.75,38621.8984375,37991.30078125,38212.19921875,32800,0.0,0.0
2022-01-11,38186.94921875,38664.3984375,38138.0,38605.44921875,26600,0.0,0.0
2022-01-12,38857.75,38902.80078125,38424.75,38604.75,28100,0.0,0.0
2022-01-13,38768.8515625,38886.8515625,38151.05078125,38607.0,61200,0.0,0.0
2022-01-14,38351.3515625,38892.6484375,38049.6015625,38826.8515625,35700,0.0,0.0
2022-01-17,38764.6484375,38993.25,38486.3515625,38804.94921875,35400,0.0,0.0
2022-01-18,38830.1484375,38990.55078125,38004.25,38091.75,28100,0.0,0.0
2022-01-19,38011.8984375,38011.8984375,37236.1484375,37281.69921875,32700,0.0,0.0
2022-01-20,37175.0,37249.05078125,36512.5,36662.19921875,32000,0.0,0.0
2022-01-21,36354.30078125,36579.6484375,35836.6484375,36054.6015625,34500,0.0,0.0
2022-01-24,35934.19921875,35969.8515625,34563.19921875,34821.6015625,36400,0.0,0.0
2022-01-25,34490.3515625,35065.80078125,33956.55078125,34707.44921875,41900,0.0,0.0
2022-01-27,34338.1015625,34362.8515625,33251.69921875,33475.05078125,49300,0.0,0.0
2022-01-28,33608.44921875,34473.5,33608.44921875,33851.94921875,48300,0.0,0.0
2022-01-31,34519.30078125,34972.25,34440.30078125,34824.55078125,40400,0.0,0.0
2022-02-01,35337.94921875,35435.5,34754.3515625,35371.6484375,29800,0.0,0.0
2022-02-02,35556.5,35845.30078125,35278.55078125,35788.75,32400,0.0,0.0
2022-02-03,35656.8515625,35693.3984375,34962.44921875,35056.80078125,21200,0.0,0.0
2022-02-04,34982.69921875,35194.6015625,34539.8984375,35080.1015625,21600,0.0,0.0
2022-02-07,34898.0,35148.0,34372.94921875,34621.25,21600,0.0,0.0
2022-02-08,34687.8515625,34862.1015625,34189.6484375,34521.55078125,22700,0.0,0.0
2022-02-09,34741.8515625,35052.6484375,34707.6484375,34983.30078125,18600,0.0,0.0
2022-02-10,35255.94921875,35379.8515625,34994.75,35341.8515625,17800,0.0,0.0
2022-02-11,34889.44921875,34917.8515625,34313.25,34379.05078125,28100,0.0,0.0
2022-02-14,33857.3984375,34466.6484375,33666.25,33880.6484375,29100,0.0,0.0
2022-02-15,34268.30078125,35017.1015625,34081.05078125,34913.30078125,22600,0.0,0.0
2022-02-16,35103.19921875,35209.69921875,34712.30078125,34801.94921875,21700,0.0,0.0
2022-02-17,35022.8515625,35052.3515625,34564.19921875,34634.1015625,18800,0.0,0.0
2022-02-18,34359.94921875,34727.1015625,34295.69921875,34483.1015625,21700,0.0,0.0
2022-02-21,34372.0,34692.3515625,33989.30078125,34472.05078125,27100,0.0,0.0
2022-02-22,33678.3515625,34287.19921875,33600.44921875,34129.55078125,32900,0.0,0.0
2022-02-23,34385.1015625,34430.94921875,34042.69921875,34114.30078125,19900,0.0,0.0
2022-02-24,33077.6484375,33396.25,32438.25,32547.900390625,44300,0.0,0.0
2022-02-25,33214.3515625,33678.0,33058.80078125,33476.94921875,27500,0.0,0.0
2022-02-28,33180.3515625,33961.05078125,32858.75,33847.8515625,39200,0.0,0.0
2022-03-02,33748.3984375,33924.75,33484.6015625,33720.0,25400,0.0,0.0
2022-03-03,34032.19921875,34410.69921875,33887.55078125,34130.30078125,31900,0.0,0.0
2022-03-04,33720.6484375,34504.8515625,33462.19921875,34177.69921875,34400,0.0,0.0
2022-03-07,33524.6015625,34435.6015625,33499.3515625,34135.8984375,34500,0.0,0.0
2022-03-08,33977.8984375,35162.94921875,33977.8984375,35055.55078125,34100,0.0,0.0
2022-03-09,35218.1484375,35726.25,35154.19921875,35440.55078125,35100,0.0,0.0
2022-03-10,35931.1484375,35931.1484375,35265.5,35399.1015625,29000,0.0,0.0
2022-03-11,35203.80078125,35478.3515625,35148.1015625,35348.69921875,17400,0.0,0.0
2022-03-14,35347.94921875,36071.3984375,35347.94921875,36028.0,28700,0.0,0.0
2022-03-15,36131.44921875,36131.44921875,34996.55078125,35097.8515625,26400,0.0,0.0
2022-03-16,35601.3515625,35787.94921875,35369.69921875,35729.6484375,20900,0.0,0.0
2022-03-17,36245.05078125,36246.44921875,35466.19921875,35643.6015625,42400,0.0,0.0
2022-03-21,35829.19921875,36135.5,35299.1015625,35377.75,26700,0.0,0.0
2022-03-22,35425.94921875,36119.8515625,35309.55078125,36070.44921875,25700,0.0,0.0
2022-03-23,36251.8515625,36362.94921875,35883.1015625,36082.0,21300,0.0,0.0
2022-03-24,35872.55078125,36597.80078125,35853.1015625,36516.75,16600,0.0,0.0
2022-03-25,36630.19921875,36710.5,35914.80078125,36152.30078125,17500,0.0,0.0
2022-03-28,36108.5,36207.75,35669.6015625,36026.05078125,18400,0.0,0.0
2022-03-29,36075.44921875,36256.30078125,35982.94921875,36146.75,17500,0.0,0.0
2022-03-30,36493.1015625,36519.75,36244.44921875,36463.55078125,26800,0.0,0.0
2022-03-31,36517.94921875,36663.19921875,36164.8984375,36317.19921875,21700,0.0,0.0
2022-04-01,36228.25,36424.6015625,36039.6484375,36343.3984375,18600,0.0,0.0
2022-04-04,36347.55078125,36526.75,36130.3515625,36442.8984375,18800,0.0,0.0
2022-04-05,36534.94921875,36813.1015625,36423.5,36466.55078125,22100,0.0,0.0
2022-04-06,36371.0,36371.8984375,35781.5,35871.5,19000,0.0,0.0
2022-04-07,35744.6484375,35817.44921875,35379.19921875,35423.25,24700,0.0,0.0
2022-04-08,35599.30078125,35679.30078125,35219.6484375,35394.44921875,21400,0.0,0.0
2022-04-11,35429.6484375,35443.80078125,34832.8515625,34895.8984375,29900,0.0,0.0
2022-04-12,34683.8515625,34747.75,34204.1015625,34379.5,26600,0.0,0.0
2022-04-13,34553.1015625,34591.0,34231.80078125,34354.80078125,18500,0.0,0.0
2022-04-18,33174.55078125,33366.1484375,32600.900390625,32780.05078125,57300,0.0,0.0
2022-04-19,33108.6484375,33108.6484375,31569.349609375,31804.19921875,38800,0.0,0.0
2022-04-20,32030.75,32306.349609375,31718.150390625,32173.400390625,27900,0.0,0.0
2022-04-21,32399.599609375,32700.0,32145.30078125,32611.599609375,26500,0.0,0.0
2022-04-22,32287.849609375,32748.849609375,32186.400390625,32426.69921875,30100,0.0,0.0
2022-04-25,32103.19921875,32130.44921875,31637.44921875,31744.0,22500,0.0,0.0
2022-04-26,32088.94921875,32141.44921875,31683.19921875,31840.05078125,19500,0.0,0.0
2022-04-27,31689.849609375,31689.849609375,31276.150390625,31594.349609375,26900,0.0,0.0
2022-04-28,31858.5,32156.30078125,31468.150390625,31914.349609375,28000,0.0,0.0
2022-04-29,32135.900390625,32212.900390625,31541.349609375,31622.400390625,33500,0.0,0.0
2022-05-02,31377.349609375,31409.650390625,30940.650390625,31138.80078125,37000,0.0,0.0
2022-05-04,31260.400390625,31452.80078125,30663.400390625,30794.599609375,25000,0.0,0.0
2022-05-05,31215.69921875,31470.150390625,31117.5,31432.44921875,21100,0.0,0.0
2022-05-06,30803.75,30881.099609375,30278.849609375,30719.44921875,31900,0.0,0.0
2022-05-09,30490.94921875,30934.44921875,30019.80078125,30733.30078125,31400,0.0,0.0
2022-05-10,30635.0,30785.94921875,30343.099609375,30427.19921875,22900,0.0,0.0
2022-05-11,30425.55078125,30548.55078125,29669.25,30050.25,29100,0.0,0.0
2022-05-12,29744.5,30184.349609375,29497.25,29756.849609375,26400,0.0,0.0
2022-05-13,30062.80078125,30115.05078125,29539.05078125,29624.849609375,24100,0.0,0.0
2022-05-16,29680.650390625,29875.25,29278.349609375,29403.5,18000,0.0,0.0
2022-05-17,29503.30078125,30313.900390625,29339.650390625,30218.75,23400,0.0,0.0
2022-05-18,30367.5,30823.150390625,30045.650390625,30077.69921875,27900,0.0,0.0
2022-05-19,29448.44921875,29495.150390625,28193.599609375,28352.150390625,45400,0.0,0.0
2022-05-20,28884.75,28897.44921875,28577.650390625,28789.400390625,26500,0.0,0.0
2022-05-23,28861.349609375,29308.25,28604.69921875,29079.30078125,22000,0.0,0.0
2022-05-24,29123.599609375,29141.55078125,28425.400390625,28531.5,23400,0.0,0.0
2022-05-25,28470.900390625,28479.349609375,27423.80078125,27566.099609375,33600,0.0,0.0
2022-05-26,27729.150390625,28040.25,27516.400390625,27932.55078125,31500,0.0,0.0
2022-05-27,28302.30078125,28728.30078125,28210.80078125,28641.599609375,25700,0.0,0.0
2022-05-30,29084.099609375,29837.650390625,29069.0,29753.30078125,28000,0.0,0.0
2022-05-31,29609.099609375,29807.349609375,29294.349609375,29679.05078125,55300,0.0,0.0
2022-06-01,29822.150390625,29829.75,29148.55078125,29260.75,22400,0.0,0.0
2022-06-02,29249.80078125,29875.349609375,29197.900390625,29792.400390625,24100,0.0,0.0
2022-06-03,30169.94921875,30559.0,29858.150390625,29903.80078125,33100,0.0,0.0
2022-06-06,29750.69921875,29972.849609375,29281.44921875,29819.80078125,22400,0.0,0.0
2022-06-07,29593.44921875,29650.55078125,29243.900390625,29351.69921875,14300,0.0,0.0
2022-06-08,29519.650390625,29588.400390625,29155.599609375,29472.150390625,14200,0.0,0.0
2022-06-09,29254.400390625,29802.80078125,29062.19921875,29761.55078125,14100,0.0,0.0
2022-06-10,29299.5,29350.599609375,29022.75,29114.30078125,23600,0.0,0.0
2022-06-13,28419.849609375,28443.849609375,27792.099609375,27914.599609375,22900,0.0,0.0
2022-06-14,27626.19921875,28249.599609375,27502.05078125,27953.349609375,25900,0.0,0.0
2022-06-15,28017.94921875,28131.150390625,27786.650390625,27812.44921875,18600,0.0,0.0
2022-06-16,28191.849609375,28224.5,27067.44921875,27136.44921875,29200,0.0,0.0
2022-06-17,26866.599609375,26993.55078125,26399.75,26732.44921875,50900,0.0,0.0
2022-06-20,26819.44921875,27112.650390625,26544.80078125,26966.19921875,22800,0.0,0.0
2022-06-21,27202.900390625,27895.0,27137.900390625,27810.650390625,23000,0.0,0.0
2022-06-22,27656.30078125,27824.05078125,27426.05078125,27488.400390625,25100,0.0,0.0
2022-06-23,27532.75,28100.05078125,27532.75,28027.80078125,26700,0.0,0.0
2022-06-24,28261.0,28361.19921875,27631.44921875,27777.80078125,24600,0.0,0.0
2022-06-27,28293.19921875,28588.69921875,28251.400390625,28345.94921875,22500,0.0,0.0
2022-06-28,28218.5,28602.05078125,27983.599609375,28509.099609375,19200,0.0,0.0
2022-06-29,28105.69921875,28446.44921875,28046.75,28140.099609375,25400,0.0,0.0
2022-06-30,28131.94921875,28325.650390625,27775.75,27843.349609375,27100,0.0,0.0
2022-07-01,27718.80078125,28151.0,27524.30078125,28064.25,17400,0.0,0.0
2022-07-04,28084.25,28174.400390625,27643.650390625,27890.650390625,16500,0.0,0.0
2022-07-05,28020.30078125,28233.05078125,27642.599609375,27695.150390625,22700,0.0,0.0
2022-07-06,27778.650390625,28148.900390625,27628.55078125,28007.599609375,19400,0.0,0.0
2022-07-07,28217.80078125,28459.25,28077.05078125,28196.349609375,17500,0.0,0.0
2022-07-08,28450.55078125,28459.55078125,28095.349609375,28250.30078125,18400,0.0,0.0
2022-07-11,27855.75,27941.19921875,27195.650390625,27380.55078125,31000,0.0,0.0
2022-07-12,27248.19921875,27504.400390625,27022.849609375,27063.75,22900,0.0,0.0
2022-07-13,27228.94921875,27247.44921875,26872.75,26949.75,32800,0.0,0.0
2022-07-14,27155.0,27162.900390625,26298.0,26523.30078125,29800,0.0,0.0
2022-07-15,26664.30078125,26734.0,26189.400390625,26484.75,34100,0.0,0.0
2022-07-18,26801.75,27376.19921875,26785.80078125,27322.94921875,28800,0.0,0.0
2022-07-19,27071.80078125,27399.5,27065.80078125,27346.150390625,23300,0.0,0.0
2022-07-20,27701.05078125,28175.5,27631.400390625,28146.349609375,35900,0.0,0.0
2022-07-21,28116.55078125,28369.94921875,27848.75,28342.900390625,42400,0.0,0.0
2022-07-22,28429.55078125,28549.25,27862.05078125,28168.150390625,27400,0.0,0.0
2022-07-25,28006.650390625,28320.849609375,27890.650390625,28216.0,23800,0.0,0.0
2022-07-26,28157.5,28157.5,27383.94921875,27418.849609375,29900,0.0,0.0
2022-07-27,27420.650390625,27908.25,27339.94921875,27878.80078125,19700,0.0,0.0
2022-07-28,28225.099609375,28703.400390625,28170.44921875,28663.05078125,27400,0.0,0.0
2022-07-29,28983.25,29355.0,28909.150390625,29152.30078125,31500,0.0,0.0
2022-08-01,29376.650390625,29376.650390625,28928.94921875,29220.0,16500,0.0,0.0
2022-08-02,29131.099609375,29153.05078125,28871.19921875,29024.650390625,21400,0.0,0.0
2022-08-03,29002.30078125,29453.349609375,28929.900390625,29416.94921875,25600,0.0,0.0
2022-08-04,29694.05078125,29972.349609375,29278.150390625,29782.900390625,30900,0.0,0.0
2022-08-05,29891.849609375,30080.19921875,29799.19921875,29973.55078125,20200,0.0,0.0
2022-08-08,29999.150390625,30036.75,29694.150390625,29967.69921875,15200,0.0,0.0
2022-08-10,30013.44921875,30013.44921875,29456.80078125,29701.150390625,19600,0.0,0.0
2022-08-11,30164.19921875,30388.900390625,30073.94921875,30233.69921875,18800,0.0,0.0
2022-08-12,30184.94921875,30195.0,29819.150390625,29885.900390625,15100,0.0,0.0
2022-08-16,30130.900390625,30141.349609375,29826.25,29909.0,0,0.0,0.0
2022-08-17,29917.349609375,30328.150390625,29784.150390625,30256.900390625,22100,0.0,0.0
2022-08-18,30148.80078125,30166.099609375,29857.650390625,30018.900390625,22300,0.0,0.0
2022-08-19,30095.44921875,30474.650390625,29943.900390625,30036.099609375,25500,0.0,0.0
2022-08-22,29847.349609375,29881.75,29430.94921875,29478.900390625,19900,0.0,0.0
2022-08-23,29041.599609375,29188.900390625,28714.150390625,28957.849609375,25300,0.0,0.0
2022-08-24,28981.349609375,29120.30078125,28762.44921875,28859.849609375,13500,0.0,0.0
2022-08-25,29061.55078125,29081.75,28561.80078125,28608.650390625,18200,0.0,0.0
2022-08-26,28862.349609375,29067.55078125,28638.94921875,28691.599609375,14900,0.0,0.0
2022-08-29,27648.099609375,27773.099609375,27333.05078125,27678.94921875,35900,0.0,0.0
2022-08-30,27971.94921875,28466.80078125,27831.349609375,28407.900390625,30100,0.0,0.0
2022-09-01,27987.349609375,28020.0,27710.05078125,27846.80078125,28400,0.0,0.0
2022-09-02,28083.30078125,28085.349609375,27717.150390625,27745.80078125,17000,0.0,0.0
2022-09-05,27727.0,27978.80078125,27669.400390625,27836.599609375,20000,0.0,0.0
2022-09-06,27884.849609375,27967.099609375,27580.349609375,27742.80078125,21200,0.0,0.0
2022-09-07,27500.5,27917.80078125,27487.69921875,27832.400390625,17900,0.0,0.0
2022-09-08,28109.69921875,28206.599609375,27959.650390625,28102.400390625,19800,0.0,0.0
2022-09-09,28343.80078125,28848.400390625,28127.44921875,28724.05078125,21500,0.0,0.0
2022-09-12,28975.900390625,29296.19921875,28932.05078125,29131.19921875,23700,0.0,0.0
2022-09-13,29334.05078125,29344.900390625,29062.599609375,29116.849609375,18100,0.0,0.0
2022-09-14,28215.75,28284.05078125,28040.30078125,28137.650390625,43300,0.0,0.0
2022-09-15,28232.849609375,28265.75,27684.400390625,27734.349609375,28100,0.0,0.0
2022-09-16,27530.599609375,27575.55078125,26632.94921875,26706.44921875,50200,0.0,0.0
2022-09-19,26882.650390625,27034.0,26506.900390625,26810.150390625,22600,0.0,0.0
2022-09-20,27079.150390625,27370.349609375,26969.55078125,27020.599609375,19600,0.0,0.0
2022-09-21,26896.80078125,27020.5,26805.44921875,26843.25,25900,0.0,0.0
2022-09-22,26659.05078125,27009.05078125,26552.44921875,26782.650390625,27300,0.0,0.0
2022-09-23,26715.650390625,27063.5,26560.94921875,26592.349609375,27900,0.0,0.0
2022-09-26,26431.900390625,27049.19921875,26186.69921875,26743.650390625,31600,0.0,0.0
2022-09-27,26922.5,27101.099609375,26682.150390625,27004.150390625,27400,0.0,0.0
2022-09-28,26778.849609375,27243.19921875,26773.80078125,27067.650390625,22600,0.0,0.0
2022-09-29,27273.900390625,27300.0,26721.94921875,26819.05078125,25000,0.0,0.0
2022-09-30,26713.05078125,27091.0,26453.0,26981.150390625,27600,0.0,0.0
2022-10-03,26950.05078125,27011.5,26597.55078125,26729.099609375,16700,0.0,0.0
2022-10-04,27163.349609375,27530.80078125,27106.5,27496.94921875,22500,0.0,0.0
2022-10-06,27734.849609375,28009.30078125,27726.05078125,27928.75,22200,0.0,0.0
2022-10-07,27874.849609375,27972.75,27656.650390625,27733.599609375,14900,0.0,0.0
2022-10-10,27259.400390625,28097.599609375,27259.400390625,28027.599609375,23400,0.0,0.0
2022-10-11,28065.150390625,28313.30078125,27400.05078125,27469.5,36400,0.0,0.0
2022-10-12,27609.650390625,27752.0,27416.69921875,27694.650390625,20500,0.0,0.0
2022-10-13,27625.75,27705.25,27346.5,27506.19921875,61300,0.0,0.0
2022-10-14,28221.05078125,28371.30078125,27842.69921875,27954.05078125,44900,0.0,0.0
2022-10-17,27903.349609375,28128.849609375,27798.69921875,28019.150390625,19000,0.0,0.0
2022-10-18,28342.5,28402.94921875,28211.55078125,28315.19921875,24100,0.0,0.0
2022-10-19,28370.5,28376.69921875,28007.05078125,28060.349609375,15200,0.0,0.0
2022-10-20,27905.599609375,28462.25,27901.05078125,28432.19921875,19700,0.0,0.0
2022-10-21,28428.400390625,28476.150390625,28207.30078125,28336.94921875,14700,0.0,0.0
2022-10-24,28632.849609375,28663.650390625,28504.55078125,28534.30078125,3800,0.0,0.0
2022-10-25,28687.900390625,28820.150390625,28544.650390625,28722.849609375,16500,0.0,0.0
2022-10-27,28787.099609375,28827.44921875,28403.30078125,28572.19921875,22300,0.0,0.0
2022-10-28,28567.650390625,28629.55078125,28267.19921875,28318.349609375,13800,0.0,0.0
2022-10-31,28588.69921875,28843.150390625,28573.25,28727.599609375,16000,0.0,0.0
2022-11-01,28924.25,29296.150390625,28874.650390625,29270.650390625,21500,0.0,0.0
2022-11-02,29299.400390625,29307.0,29023.5,29138.650390625,15600,0.0,0.0
2022-11-03,28866.349609375,28969.19921875,28643.5,28795.75,16600,0.0,0.0
2022-11-04,28756.75,28757.94921875,28425.599609375,28693.05078125,15700,0.0,0.0
2022-11-07,28815.94921875,28944.19921875,28480.650390625,28741.30078125,16300,0.0,0.0
2022-11-09,28940.400390625,28940.400390625,28505.30078125,28626.80078125,14000,0.0,0.0
2022-11-10,28287.849609375,28667.849609375,28284.650390625,28505.75,14500,0.0,0.0
2022-11-11,29182.349609375,29733.150390625,29163.75,29591.94921875,37800,0.0,0.0
2022-11-14,29709.75,29945.150390625,29610.55078125,29849.30078125,21700,0.0,0.0
2022-11-15,29789.849609375,29926.150390625,29531.650390625,29865.30078125,17000,0.0,0.0
2022-11-16,29920.650390625,30125.19921875,29812.900390625,29951.5,18100,0.0,0.0
2022-11-17,29810.44921875,29838.599609375,29610.099609375,29681.400390625,14000,0.0,0.0
2022-11-18,29739.19921875,29890.5,29398.94921875,29669.25,15000,0.0,0.0
2022-11-21,29520.150390625,29576.150390625,29153.900390625,29209.55078125,13000,0.0,0.0
2022-11-22,29195.69921875,29478.0,29020.349609375,29446.900390625,15000,0.0,0.0
2022-11-23,29574.650390625,29592.05078125,29365.25,29405.650390625,13100,0.0,0.0
2022-11-24,29507.55078125,30258.0,29464.75,30178.650390625,20800,0.0,0.0
2022-11-25,30233.900390625,30400.349609375,29981.150390625,30334.599609375,18600,0.0,0.0
2022-11-28,30207.75,30619.650390625,30152.849609375,30309.650390625,18400,0.0,0.0
2022-11-29,30242.400390625,30568.349609375,30228.099609375,30345.650390625,13300,0.0,0.0
2022-11-30,30274.5,30499.349609375,30133.94921875,30391.69921875,34400,0.0,0.0
2022-12-01,30749.44921875,31227.599609375,30723.25,31120.5,30800,0.0,0.0
2022-12-02,31097.55078125,31135.19921875,30869.69921875,31052.099609375,22900,0.0,0.0
2022-12-05,31052.0,31104.099609375,30750.55078125,30891.5,17100,0.0,0.0
2022-12-06,30656.19921875,30690.400390625,30323.94921875,30443.0,17000,0.0,0.0
2022-12-07,30319.25,30337.30078125,30091.19921875,30187.05078125,15200,0.0,0.0
2022-12-08,30175.849609375,30226.55078125,29983.400390625,30115.0,14400,0.0,0.0
2022-12-09,30196.25,30196.25,29038.599609375,29168.44921875,36300,0.0,0.0
2022-12-12,28940.94921875,29183.80078125,28661.099609375,29050.5,22600,0.0,0.0
2022-12-13,29103.5,29421.099609375,28993.80078125,29376.55078125,17100,0.0,0.0
2022-12-14,29546.94921875,29810.349609375,29503.099609375,29713.900390625,18400,0.0,0.0
2022-12-15,29609.599609375,29615.94921875,29039.25,29087.94921875,20500,0.0,0.0
2022-12-16,28805.94921875,29131.849609375,28623.650390625,28702.19921875,32700,0.0,0.0
2022-12-19,28567.69921875,28698.25,28374.44921875,28556.44921875,19000,0.0,0.0
2022-12-20,28464.849609375,28644.099609375,28109.150390625,28612.5,19300,0.0,0.0
2022-12-21,28742.30078125,28958.150390625,28658.69921875,28764.25,19500,0.0,0.0
2022-12-22,28973.349609375,29022.30078125,28629.849609375,28763.900390625,18200,0.0,0.0
2022-12-23,28442.80078125,28603.599609375,28179.55078125,28237.05078125,19000,0.0,0.0
2022-12-27,28551.75,28685.0,28333.80078125,28636.25,12800,0.0,0.0
2022-12-28,28495.75,28715.30078125,28346.25,28583.44921875,13400,0.0,0.0
2022-12-29,28408.30078125,28724.75,28386.650390625,28687.19921875,16200,0.0,0.0
2022-12-30,28887.80078125,29027.0,28564.75,28621.69921875,15500,0.0,0.0
2023-01-02,28681.55078125,28777.599609375,28474.69921875,28737.30078125,1084494200,0.0,0.0
2023-01-03,28713.69921875,29032.400390625,28636.400390625,28962.30078125,14200,0.0,0.0
2023-01-04,28912.599609375,28925.44921875,28600.75,28677.80078125,17300,0.0,0.0
2023-01-05,28803.05078125,28803.05078125,28386.0,28527.75,21300,0.0,0.0
2023-01-06,28466.900390625,28507.150390625,27908.75,27956.44921875,18900,0.0,0.0
2023-01-09,28134.05078125,28780.0,28134.05078125,28748.150390625,26300,0.0,0.0
2023-01-10,28627.80078125,28661.69921875,28242.900390625,28502.69921875,19600,0.0,0.0
2023-01-11,28550.650390625,28946.0,28460.0,28596.349609375,19400,0.0,0.0
2023-01-12,28722.44921875,28832.599609375,28509.5,28720.30078125,21500,0.0,0.0
2023-01-13,28717.0,29060.94921875,28292.30078125,28933.75,34600,0.0,0.0
2023-01-16,29037.05078125,29327.900390625,28895.400390625,29264.650390625,30100,0.0,0.0
2023-01-17,29291.150390625,29518.849609375,29259.099609375,29498.0,22500,0.0,0.0
2023-01-18,29580.25,29715.80078125,29541.94921875,29617.80078125,25500,0.0,0.0
2023-01-19,29487.5,29714.94921875,29396.05078125,29632.349609375,19700,0.0,0.0
2023-01-20,29574.44921875,29783.80078125,29479.69921875,29529.650390625,24000,0.0,0.0
2023-01-23,29620.25,30124.05078125,29505.5,30086.0,18300,0.0,0.0
2023-01-24,30220.5,30499.75,30151.55078125,30316.900390625,23100,0.0,0.0
2023-01-25,30208.099609375,30231.400390625,30004.75,30043.900390625,14000,0.0,0.0
2023-01-27,30052.69921875,30234.349609375,29542.44921875,29766.44921875,19800,0.0,0.0
2023-01-30,29842.69921875,30224.5,29606.349609375,30094.849609375,21200,0.0,0.0
2023-01-31,30163.19921875,30172.75,29556.30078125,29740.349609375,29500,0.0,0.0
2023-02-01,29885.94921875,30083.400390625,29659.0,30018.25,17600,0.0,0.0
2023-02-02,30124.900390625,30610.099609375,30107.099609375,30566.75,23900,0.0,0.0
2023-02-03,30839.05078125,30849.599609375,30417.900390625,30597.650390625,20000,0.0,0.0
2023-02-06,30502.900390625,30534.69921875,30186.69921875,30411.099609375,14200,0.0,0.0
2023-02-07,30429.75,30544.099609375,30250.75,30310.69921875,13700,0.0,0.0
2023-02-08,30415.599609375,30938.400390625,30415.599609375,30774.05078125,21900,0.0,0.0
2023-02-09,30769.80078125,31012.94921875,30665.44921875,30990.849609375,15900,0.0,0.0
2023-02-10,30839.25,30900.150390625,30636.400390625,30870.19921875,13800,0.0,0.0
2023-02-13,30790.19921875,30792.849609375,30238.05078125,30289.650390625,20400,0.0,0.0
2023-02-14,30481.5,30759.44921875,30457.400390625,30588.75,16900,0.0,0.0
2023-02-15,30512.0,30959.30078125,30324.19921875,30934.349609375,17300,0.0,0.0
2023-02-16,31042.30078125,31587.349609375,31024.150390625,31434.849609375,32200,0.0,0.0
2023-02-17,31147.099609375,31218.25,30963.05078125,31054.849609375,15800,0.0,0.0
2023-02-20,31056.05078125,31405.30078125,30961.94921875,31222.349609375,15900,0.0,0.0
2023-02-21,31318.349609375,31393.0,30911.05078125,30947.25,13400,0.0,0.0
2023-02-22,30621.099609375,30815.900390625,30503.349609375,30608.19921875,14900,0.0,0.0
2023-02-23,30759.599609375,30899.400390625,30497.55078125,30598.400390625,15700,0.0,0.0
2023-02-24,30732.44921875,30859.69921875,30445.900390625,30514.900390625,11300,0.0,0.0
2023-02-27,30338.69921875,30345.5,29667.099609375,29919.19921875,15700,0.0,0.0
2023-02-28,29986.19921875,30294.44921875,29608.94921875,29663.94921875,46200,0.0,0.0
2023-03-01,29722.150390625,30121.650390625,29712.80078125,30097.75,14100,0.0,0.0
2023-03-02,29883.099609375,29936.400390625,29618.599609375,29717.44921875,15800,0.0,0.0
2023-03-03,29968.75,29988.55078125,29774.05078125,29817.05078125,14800,0.0,0.0
2023-03-06,30048.69921875,30340.94921875,30032.05078125,30179.75,19000,0.0,0.0
2023-03-08,29944.19921875,30096.69921875,29729.25,30065.75,15000,0.0,0.0
2023-03-09,30090.25,30096.599609375,29712.0,29742.349609375,14000,0.0,0.0
2023-03-10,29418.599609375,29584.44921875,29324.0,29545.5,11300,0.0,0.0
2023-03-13,29695.0,30051.599609375,29187.099609375,29267.0,31200,0.0,0.0
2023-03-14,29281.25,29402.25,28638.900390625,28784.69921875,25500,0.0,0.0
2023-03-15,29080.349609375,29179.5,28689.400390625,28716.5,19100,0.0,0.0
2023-03-16,28694.30078125,28746.349609375,28400.349609375,28517.25,18800,0.0,0.0
2023-03-17,28737.69921875,29120.75,28721.099609375,28854.44921875,31800,0.0,0.0
2023-03-20,28732.849609375,28744.30078125,28209.05078125,28442.94921875,22400,0.0,0.0
2023-03-21,28455.650390625,28552.0,28124.25,28164.849609375,21600,0.0,0.0
2023-03-22,28375.900390625,28549.0,28148.400390625,28217.599609375,0,0.0,0.0
2023-03-23,28065.80078125,28116.44921875,27843.25,27999.25,19300,0.0,0.0
2023-03-24,28208.349609375,28453.849609375,27869.5,27935.650390625,19400,0.0,0.0
2023-03-27,27985.650390625,28193.599609375,27818.25,27948.75,13400,0.0,0.0
2023-03-28,27998.30078125,28090.75,27674.69921875,27702.80078125,19000,0.0,0.0
2023-03-29,27777.94921875,28113.94921875,27639.650390625,28011.30078125,23500,0.0,0.0
2023-03-31,28379.75,28741.599609375,28277.0,28698.599609375,22600,0.0,0.0
2023-04-03,28841.599609375,28841.599609375,28449.25,28633.0,13100,0.0,0.0
2023-04-05,28520.0,29032.650390625,28506.69921875,28977.19921875,21500,0.0,0.0
2023-04-06,28876.19921875,29004.80078125,28666.0,28764.55078125,16900,0.0,0.0
2023-04-10,28810.849609375,29086.400390625,28739.400390625,29041.599609375,12600,0.0,0.0
2023-04-11,29051.75,29095.44921875,28530.5,28675.75,17700,0.0,0.0
2023-04-12,28773.400390625,29031.05078125,28578.099609375,28980.349609375,16300,0.0,0.0
2023-04-13,28713.650390625,28736.69921875,28230.0,28342.80078125,27400,0.0,0.0
2023-04-17,27059.150390625,27076.150390625,26184.44921875,27008.19921875,84900,0.0,0.0
2023-04-18,27189.400390625,27189.400390625,26851.69921875,27166.94921875,28100,0.0,0.0
2023-04-19,27174.599609375,27193.099609375,26640.19921875,26687.44921875,26900,0.0,0.0
2023-04-20,26694.099609375,26868.900390625,26597.94921875,26637.150390625,19800,0.0,0.0
2023-04-21,26701.69921875,26835.69921875,26602.80078125,26822.099609375,27000,0.0,0.0
2023-04-24,26910.69921875,27034.900390625,26721.5,27013.650390625,24400,0.0,0.0
2023-04-25,27028.80078125,27082.099609375,26820.69921875,26985.80078125,18000,0.0,0.0
2023-04-26,27007.55078125,27158.75,26977.55078125,27065.0,16600,0.0,0.0
2023-04-27,27079.0,27378.099609375,27024.150390625,27355.25,24400,0.0,0.0
2023-04-28,27401.94921875,27743.0,27388.80078125,27708.19921875,39000,0.0,0.0
2023-05-02,27792.69921875,28154.099609375,27756.0,28025.0,26000,0.0,0.0
2023-05-03,27872.400390625,27883.44921875,27693.30078125,27743.75,16100,0.0,0.0
2023-05-04,27716.55078125,27912.5,27685.55078125,27883.19921875,14100,0.0,0.0
2023-05-05,27905.349609375,27915.25,27634.849609375,27719.94921875,14900,0.0,0.0
2023-05-08,27837.30078125,27947.0,27735.150390625,27920.94921875,14900,0.0,0.0
2023-05-09,27961.0,28168.44921875,27910.650390625,28125.5,15500,0.0,0.0
2023-05-10,28220.44921875,28236.849609375,27998.94921875,28091.75,14700,0.0,0.0
2023-05-11,28298.25,28348.349609375,28039.19921875,28102.0,16100,0.0,0.0
2023-05-12,28070.849609375,28164.44921875,27874.099609375,28028.400390625,15500,0.0,0.0
2023-05-15,28083.75,28323.55078125,27957.5,28165.400390625,13700,0.0,0.0
2023-05-16,28252.75,28421.05078125,28178.69921875,28216.0,12300,0.0,0.0
2023-05-17,28197.80078125,28300.099609375,27776.80078125,27942.94921875,22400,0.0,0.0
2023-05-18,28125.44921875,28137.69921875,27858.75,27892.55078125,13800,0.0,0.0
2023-05-19,28063.349609375,28369.400390625,28007.05078125,28303.650390625,22900,0.0,0.0
2023-05-22,28357.599609375,29062.05078125,28294.25,29007.30078125,22200,0.0,0.0
2023-05-23,29076.5,29319.900390625,28830.0,28873.69921875,20800,0.0,0.0
2023-05-24,28721.150390625,28959.349609375,28655.0,28890.80078125,14800,0.0,0.0
2023-05-25,28854.94921875,28970.94921875,28686.19921875,28928.75,16200,0.0,0.0
2023-05-26,28975.94921875,29384.849609375,28975.94921875,29355.900390625,17500,0.0,0.0
2023-05-29,29629.75,29659.599609375,29200.25,29240.19921875,13600,0.0,0.0
2023-05-30,29253.5,29405.19921875,29172.69921875,29297.650390625,17300,0.0,0.0
2023-05-31,29248.05078125,29495.05078125,29212.5,29319.75,46000,0.0,0.0
2023-06-01,29455.349609375,29599.099609375,29382.05078125,29446.25,13600,0.0,0.0
2023-06-02,29485.849609375,29550.150390625,29272.55078125,29328.150390625,21200,0.0,0.0
2023-06-05,29459.150390625,29533.400390625,29217.349609375,29238.75,14800,0.0,0.0
2023-06-06,29003.5,29013.900390625,28485.849609375,28689.05078125,27300,0.0,0.0
2023-06-07,28886.69921875,28937.94921875,28754.849609375,28913.69921875,16900,0.0,0.0
2023-06-08,28892.650390625,28918.05078125,28568.599609375,28591.099609375,19000,0.0,0.0
2023-06-09,28645.69921875,28674.44921875,28322.150390625,28355.349609375,19100,0.0,0.0
2023-06-12,28457.44921875,28844.30078125,28402.55078125,28784.0,18200,0.0,0.0
2023-06-13,28935.900390625,28974.150390625,28866.19921875,28899.30078125,17900,0.0,0.0
2023-06-14,28896.25,28928.650390625,28666.900390625,28855.05078125,18300,0.0,0.0
2023-06-15,28824.599609375,28833.25,28645.80078125,28699.0,27900,0.0,0.0
2023-06-16,28671.099609375,28759.400390625,28441.05078125,28588.80078125,42600,0.0,0.0
2023-06-19,28641.44921875,28750.69921875,28568.55078125,28708.30078125,16300,0.0,0.0
2023-06-20,28728.5,28966.94921875,28640.30078125,28930.80078125,20000,0.0,0.0
2023-06-21,29022.69921875,29084.44921875,28869.80078125,29025.69921875,15600,0.0,0.0
2023-06-22,28969.150390625,28977.900390625,28750.400390625,28811.150390625,17600,0.0,0.0
2023-06-23,28747.599609375,28752.5,28482.150390625,28554.30078125,18300,0.0,0.0
2023-06-26,28539.80078125,28631.75,28451.150390625,28590.099609375,12100,0.0,0.0
2023-06-27,28681.94921875,28821.849609375,28630.44921875,28800.150390625,11700,0.0,0.0
2023-06-28,28945.0,28997.349609375,28778.150390625,28843.0,16000,0.0,0.0
2023-06-30,29013.150390625,29594.19921875,28957.150390625,29563.0,28000,0.0,0.0
2023-07-03,29648.400390625,29718.94921875,29334.400390625,29424.80078125,19300,0.0,0.0
2023-07-04,29557.55078125,29743.349609375,29444.80078125,29729.849609375,19000,0.0,0.0
2023-07-05,29910.0,29910.349609375,29702.650390625,29841.849609375,21300,0.0,0.0
2023-07-06,29792.099609375,29848.05078125,29690.25,29805.19921875,18400,0.0,0.0
2023-07-07,29654.25,29937.75,29508.849609375,29560.44921875,18800,0.0,0.0
2023-07-10,29609.849609375,29609.849609375,29116.30078125,29194.75,15800,0.0,0.0
2023-07-11,29299.30078125,29371.5,29092.69921875,29324.80078125,20100,0.0,0.0
2023-07-12,29412.5,29424.75,29020.19921875,29118.05078125,24400,0.0,0.0
2023-07-13,29158.55078125,29903.650390625,29115.69921875,29628.19921875,39800,0.0,0.0
2023-07-14,29860.55078125,31017.55078125,29847.05078125,30945.5,53600,0.0,0.0
2023-07-17,31007.599609375,31658.099609375,30805.0,31041.599609375,51100,0.0,0.0
2023-07-18,31089.900390625,31491.75,30865.849609375,31371.150390625,37100,0.0,0.0
2023-07-19,31490.44921875,31653.849609375,31068.150390625,31353.55078125,30000,0.0,0.0
2023-07-20,31292.349609375,31348.599609375,30960.75,31145.94921875,20500,0.0,0.0
2023-07-21,29854.25,30338.099609375,29701.19921875,29871.05078125,78300,0.0,0.0
2023-07-24,29993.849609375,30112.900390625,29807.150390625,29843.44921875,21700,0.0,0.0
2023-07-25,29899.0,29921.400390625,29685.400390625,29761.150390625,18000,0.0,0.0
2023-07-26,29854.400390625,29988.900390625,29770.19921875,29800.400390625,16000,0.0,0.0
2023-07-27,29826.0,29895.0,29670.5,29745.0,36200,0.0,0.0
2023-07-28,29741.150390625,29829.75,29339.349609375,29490.25,19400,0.0,0.0
2023-07-31,29605.5,29951.599609375,29452.349609375,29928.44921875,22500,0.0,0.0
2023-08-01,29998.150390625,30348.75,29948.0,30288.650390625,20700,0.0,0.0
2023-08-02,30253.099609375,30259.400390625,29801.55078125,30043.599609375,19300,0.0,0.0
2023-08-03,29913.650390625,30054.349609375,29685.150390625,29971.150390625,17300,0.0,0.0
2023-08-04,30082.55078125,30555.80078125,30027.30078125,30436.099609375,22500,0.0,0.0
2023-08-07,30582.44921875,30809.0,30451.349609375,30779.25,15000,0.0,0.0
2023-08-08,30817.25,30910.55078125,30670.150390625,30824.94921875,22500,0.0,0.0
2023-08-09,30772.5,30964.69921875,30590.55078125,30940.05078125,17000,0.0,0.0
2023-08-10,30845.650390625,30967.75,30722.19921875,30867.0,16900,0.0,0.0
2023-08-11,30950.30078125,31164.30078125,30764.5,30819.150390625,23300,0.0,0.0
2023-08-14,30755.80078125,31058.900390625,30570.5,31028.900390625,13700,0.0,0.0
2023-08-16,31129.30078125,31304.75,31047.0,31212.099609375,0,0.0,0.0
2023-08-17,31205.30078125,31238.25,30885.400390625,31060.19921875,17300,0.0,0.0
2023-08-18,30907.44921875,30934.099609375,30515.0,30604.05078125,20000,0.0,0.0
2023-08-21,30626.25,30987.650390625,30597.05078125,30937.599609375,12900,0.0,0.0
2023-08-22,30973.900390625,31024.599609375,30785.69921875,30902.400390625,11400,0.0,0.0
2023-08-23,31036.94921875,31084.650390625,30887.44921875,30924.099609375,12200,0.0,0.0
2023-08-24,31084.55078125,31212.44921875,31004.75,31112.150390625,37500,0.0,0.0
2023-08-25,30907.849609375,30998.94921875,30803.0,30914.55078125,15200,0.0,0.0
2023-08-28,30975.349609375,31025.75,30745.0,30773.599609375,11100,0.0,0.0
2023-08-29,30899.94921875,30978.25,30784.849609375,30866.05078125,11400,0.0,0.0
2023-08-30,31069.849609375,31197.75,31023.75,31103.900390625,11800,0.0,0.0
2023-08-31,31175.099609375,31428.0,31067.69921875,31164.900390625,35300,0.0,0.0
2023-09-01,31166.599609375,31550.94921875,31149.25,31514.349609375,14300,0.0,0.0
2023-09-04,31552.5,32197.849609375,31454.5,32163.94921875,3083434400,0.0,0.0
2023-09-05,32207.400390625,32482.650390625,32014.94921875,32365.30078125,24000,0.0,0.0
2023-09-06,32437.849609375,32515.05078125,32038.55078125,32312.30078125,19400,0.0,0.0
2023-09-07,32264.5,32497.650390625,32153.400390625,32448.349609375,17700,0.0,0.0
2023-09-08,32450.75,32561.25,32353.400390625,32415.650390625,12700,0.0,0.0
2023-09-11,32531.0,32674.44921875,32458.05078125,32642.80078125,15300,0.0,0.0
2023-09-12,32758.55078125,33114.1484375,32429.5,32977.8984375,24400,0.0,0.0
2023-09-13,32943.1484375,32982.3515625,32713.099609375,32886.69921875,14900,0.0,0.0
2023-09-14,32991.44921875,33240.19921875,32949.55078125,33045.3984375,24000,0.0,0.0
2023-09-15,33216.8984375,33402.75,33156.19921875,33355.05078125,31900,0.0,0.0
2023-09-18,33255.1015625,33266.8984375,33030.3515625,33129.5,14200,0.0,0.0
2023-09-20,32860.8984375,33167.30078125,32851.75,32949.19921875,16600,0.0,0.0
2023-09-21,32849.8984375,32976.8515625,32504.75,32919.94921875,20700,0.0,0.0
2023-09-22,32799.05078125,33109.6484375,32664.400390625,32906.30078125,22900,0.0,0.0
2023-09-25,32881.3515625,32960.94921875,32581.150390625,32648.599609375,15200,0.0,0.0
2023-09-26,32675.099609375,32693.25,32391.44921875,32471.0,12200,0.0,0.0
2023-09-27,32439.05078125,32651.0,32339.94921875,32594.650390625,13800,0.0,0.0
2023-09-28,32616.05078125,32623.349609375,31808.75,31879.599609375,26100,0.0,0.0
2023-09-29,31814.650390625,32020.349609375,31514.900390625,31784.400390625,22000,0.0,0.0
2023-10-03,31772.75,31852.650390625,31499.349609375,31717.25,14300,0.0,0.0
2023-10-04,31531.349609375,31874.69921875,31412.5,31811.5,16000,0.0,0.0
2023-10-05,31995.0,32368.44921875,31956.900390625,32125.400390625,21400,0.0,0.0
2023-10-06,32251.44921875,32438.400390625,32098.80078125,32341.69921875,14000,0.0,0.0
2023-10-09,32216.150390625,32638.25,32203.55078125,32308.55078125,17400,0.0,0.0
2023-10-10,32423.94921875,32616.349609375,32200.25,32569.44921875,14500,0.0,0.0
2023-10-11,32688.69921875,32981.8984375,32489.599609375,32548.05078125,24900,0.0,0.0
2023-10-12,32474.150390625,32556.5,31907.0,32003.650390625,28500,0.0,0.0
2023-10-13,31457.5,32024.349609375,31434.099609375,31807.94921875,37300,0.0,0.0
2023-10-16,31831.05078125,31949.75,31710.650390625,31750.400390625,15800,0.0,0.0
2023-10-17,31884.25,31938.19921875,31770.75,31794.900390625,13200,0.0,0.0
2023-10-18,31778.55078125,31882.44921875,31568.19921875,31606.650390625,14900,0.0,0.0
2023-10-19,31345.55078125,31667.0,31345.55078125,31540.05078125,31200,0.0,0.0
2023-10-20,31445.44921875,31605.75,31360.5,31469.349609375,17300,0.0,0.0
2023-10-23,31358.44921875,31456.099609375,30802.05078125,30848.400390625,13500,0.0,0.0
2023-10-25,30790.349609375,31004.19921875,30469.0,30530.5,16600,0.0,0.0
2023-10-26,30184.0,30312.44921875,30054.19921875,30225.650390625,28200,0.0,0.0
2023-10-27,30328.25,30676.94921875,30313.94921875,30599.69921875,15100,0.0,0.0
2023-10-30,30627.900390625,30698.400390625,30433.650390625,30641.0,11000,0.0,0.0
2023-10-31,30765.25,30769.19921875,30396.05078125,30582.25,12400,0.0,0.0
2023-11-01,30609.44921875,30694.44921875,30283.150390625,30344.849609375,10900,0.0,0.0
2023-11-02,30575.80078125,30731.55078125,30495.30078125,30582.75,12400,0.0,0.0
2023-11-03,30797.25,30924.849609375,30739.349609375,30779.94921875,11800,0.0,0.0
2023-11-06,30955.349609375,31034.150390625,30863.650390625,30972.94921875,9500,0.0,0.0
2023-11-07,30949.94921875,31052.5,30860.650390625,30981.599609375,9400,0.0,0.0
2023-11-08,31049.75,31128.900390625,30865.25,30917.19921875,11100,0.0,0.0
2023-11-09,30982.650390625,30993.05078125,30655.55078125,30717.69921875,20500,0.0,0.0
2023-11-10,30623.69921875,30680.849609375,30504.099609375,30639.05078125,12700,0.0,0.0
2023-11-13,30793.650390625,30810.349609375,30572.94921875,30635.849609375,8900,0.0,0.0
2023-11-15,31095.80078125,31472.5,30987.75,31429.349609375,24300,0.0,0.0
2023-11-16,31555.099609375,32453.650390625,31431.5,32273.349609375,26900,0.0,0.0
2023-11-17,32288.900390625,32405.849609375,32134.650390625,32191.349609375,16400,0.0,0.0
2023-11-20,32202.30078125,32600.349609375,32198.099609375,32383.19921875,15300,0.0,0.0
2023-11-21,32507.75,32587.150390625,32300.05078125,32325.69921875,12400,0.0,0.0
2023-11-22,32298.0,32583.44921875,32262.150390625,32564.400390625,11100,0.0,0.0
2023-11-23,32657.150390625,32688.0,32334.5,32370.650390625,14200,0.0,0.0
2023-11-24,32341.0,32420.44921875,32010.0,32055.150390625,11800,0.0,0.0
2023-11-28,32115.849609375,32187.94921875,31807.849609375,32118.5,14300,0.0,0.0
2023-11-29,32258.5,32633.0,32248.349609375,32608.400390625,18800,0.0,0.0
2023-11-30,32569.80078125,32701.650390625,32455.30078125,32582.19921875,39500,0.0,0.0
2023-12-01,32729.80078125,32729.80078125,32478.75,32598.69921875,13400,0.0,0.0
2023-12-04,32888.19921875,32888.19921875,32522.44921875,32665.55078125,16800,0.0,0.0
2023-12-05,32754.0,32755.19921875,32252.44921875,32479.150390625,19000,0.0,0.0
2023-12-06,32560.150390625,33073.05078125,32529.30078125,33022.6015625,25300,0.0,0.0
2023-12-07,33053.6484375,33111.6484375,32891.75,32961.6015625,16800,0.0,0.0
2023-12-08,33098.6484375,33452.3984375,33012.69921875,33392.8984375,25700,0.0,0.0
2023-12-11,33424.0,33615.69921875,33332.5,33514.25,16300,0.0,0.0
2023-12-12,33484.80078125,33799.80078125,33358.0,33493.8984375,19700,0.0,0.0
2023-12-13,33466.30078125,33497.44921875,32715.650390625,33066.6484375,23500,0.0,0.0
2023-12-14,33451.94921875,34308.55078125,33419.1015625,34223.3515625,44000,0.0,0.0
2023-12-15,34427.55078125,35947.6015625,34427.55078125,35782.44921875,67500,0.0,0.0
2023-12-18,35707.30078125,36132.0,35487.94921875,35685.55078125,27600,0.0,0.0
2023-12-19,35728.3984375,35762.1015625,35091.94921875,35345.0,20600,0.0,0.0
2023-12-20,35492.80078125,35928.5,34621.0,34741.05078125,32400,0.0,0.0
2023-12-21,34406.80078125,35020.0,34394.55078125,34846.05078125,19900,0.0,0.0
2023-12-22,34974.6484375,35770.44921875,34740.1484375,35637.80078125,39200,0.0,0.0
2023-12-26,35421.1484375,35682.6484375,35185.44921875,35493.44921875,40100,0.0,0.0
2023-12-27,35557.30078125,35814.69921875,35447.1015625,35741.0,22900,0.0,0.0
2023-12-28,35812.0,35850.3984375,35614.80078125,35691.6484375,21700,0.0,0.0
2023-12-29,35559.3984375,35781.1015625,35395.05078125,35515.0,18000,0.0,0.0
2024-01-02,35668.05078125,35701.80078125,35106.1484375,35283.1015625,18400,0.0,0.0
2024-01-03,35039.05078125,35076.94921875,34367.75,34395.44921875,24900,0.0,0.0
2024-01-04,34552.94921875,34800.3515625,34236.6015625,34409.3984375,26900,0.0,0.0
2024-01-05,34469.69921875,34991.55078125,34459.44921875,34851.75,24600,0.0,0.0
2024-01-08,34876.6484375,34881.80078125,34419.75,34514.6484375,15000,0.0,0.0
2024-01-09,34926.6484375,35139.3515625,34608.44921875,34662.44921875,18700,0.0,0.0
2024-01-10,34693.0,34941.0,34546.94921875,34834.3515625,16300,0.0,0.0
2024-01-11,34978.30078125,35104.94921875,34665.1015625,34735.25,21900,0.0,0.0
2024-01-12,35673.0,36581.1015625,35659.55078125,36521.69921875,67100,0.0,0.0
2024-01-15,37538.44921875,37929.30078125,37109.3515625,37201.94921875,99200,0.0,0.0
2024-01-16,37132.3984375,37132.3984375,36600.44921875,36727.1015625,28800,0.0,0.0
2024-01-17,36299.6015625,37107.19921875,36289.30078125,36960.3984375,35600,0.0,0.0
2024-01-18,36784.3515625,36826.44921875,36136.3984375,36730.5,34200,0.0,0.0
2024-01-19,37065.0,37263.94921875,36831.3515625,37069.25,24400,0.0,0.0
2024-01-23,36958.30078125,37383.44921875,36424.8984375,36521.3515625,31200,0.0,0.0
2024-01-24,36761.6015625,37174.19921875,36435.30078125,37090.1484375,23600,0.0,0.0
2024-01-25,36938.6015625,36938.6015625,36354.1015625,36496.19921875,30800,0.0,0.0
2024-01-29,36553.80078125,36653.25,36351.5,36531.8984375,18300,0.0,0.0
2024-01-30,36682.1015625,37022.8984375,36321.1015625,36381.94921875,19500,0.0,0.0
2024-01-31,36373.94921875,36704.5,36228.8515625,36638.3984375,25100,0.0,0.0
2024-02-01,36632.5,36951.3984375,36451.1484375,36534.55078125,18700,0.0,0.0
2024-02-02,36730.1484375,37663.94921875,36729.94921875,37323.25,26900,0.0,0.0
2024-02-05,37441.0,37574.44921875,37097.94921875,37162.1484375,15400,0.0,0.0
2024-02-06,37267.1484375,38286.0,37161.6015625,38246.30078125,36900,0.0,0.0
2024-02-07,38345.3984375,38373.44921875,37734.55078125,37767.75,17800,0.0,0.0
2024-02-08,37893.44921875,38101.5,37625.75,37851.6015625,20900,0.0,0.0
2024-02-09,37891.5,38082.05078125,37443.75,37699.25,16100,0.0,0.0
2024-02-12,37770.0,38285.3515625,37770.0,37998.0,38300,0.0,0.0
2024-02-13,38070.3984375,38258.5,37605.30078125,38204.0,20500,0.0,0.0
2024-02-14,37724.75,37844.69921875,37200.05078125,37775.3984375,23000,0.0,0.0
2024-02-15,38053.30078125,38270.44921875,37735.6015625,37999.55078125,19200,0.0,0.0
2024-02-16,38211.55078125,38516.55078125,38131.8515625,38477.05078125,29500,0.0,0.0
2024-02-20,38190.75,38347.8984375,37780.19921875,38029.69921875,15700,0.0,0.0
2024-02-21,37938.8515625,38001.44921875,37302.6015625,37405.8984375,18900,0.0,0.0
2024-02-22,37535.75,38192.1015625,37395.3515625,38130.1484375,23900,0.0,0.0
2024-02-23,38487.5,38490.44921875,37980.1015625,38045.6484375,22900,0.0,0.0
2024-02-26,37991.8984375,38005.8515625,37384.8984375,37598.6484375,14500,0.0,0.0
2024-02-27,37606.69921875,37929.30078125,37606.69921875,37870.25,17900,0.0,0.0
2024-02-28,37926.6484375,38138.3515625,37594.5,37741.75,14800,0.0,0.0
2024-02-29,37616.19921875,37896.05078125,37414.94921875,37720.3984375,26400,0.0,0.0
2024-03-01,37823.69921875,37888.8515625,37462.8515625,37516.05078125,18800,0.0,0.0
2024-03-04,37634.25,37733.25,37279.44921875,37314.80078125,14500,0.0,0.0
2024-03-05,37180.05078125,37202.30078125,36613.1015625,36720.75,18100,0.0,0.0
2024-03-06,36627.6484375,37050.1484375,36134.0,37001.80078125,20100,0.0,0.0
2024-03-07,37057.94921875,37318.94921875,36838.3515625,37099.8984375,20500,0.0,0.0
2024-03-11,37082.0,37203.8515625,36820.3515625,36988.30078125,21000,0.0,0.0
2024-03-12,36991.5,37568.94921875,36981.69921875,37224.25,20600,0.0,0.0
2024-03-13,37320.80078125,37556.6015625,36689.1015625,36946.44921875,21800,0.0,0.0
2024-03-14,36901.8984375,37723.3515625,36607.6484375,37679.6015625,26000,0.0,0.0
2024-03-15,37524.3515625,37592.05078125,37264.8984375,37500.69921875,30300,0.0,0.0
2024-03-18,37458.8515625,37522.8515625,36746.6015625,36886.05078125,14300,0.0,0.0
2024-03-19,36562.0,36573.05078125,35783.3984375,35814.6484375,25700,0.0,0.0
2024-03-20,35875.6015625,36115.19921875,35697.8515625,35748.8984375,15000,0.0,0.0
2024-03-21,36039.19921875,36296.3515625,35816.80078125,36026.80078125,26600,0.0,0.0
2024-03-22,35256.6015625,35419.25,34701.75,35188.3984375,48800,0.0,0.0
2024-03-26,35003.1015625,35400.1484375,34938.0,34969.1015625,29100,0.0,0.0
2024-03-27,35057.3984375,35121.55078125,34693.6015625,34744.3515625,22400,0.0,0.0
2024-03-28,34862.6015625,35203.25,34786.6484375,34898.1484375,35100,0.0,0.0
2024-04-01,35224.0,35265.30078125,34963.80078125,35042.80078125,16258200,0.0,0.0
2024-04-02,34900.1484375,34984.3515625,34769.8984375,34793.94921875,17500,0.0,0.0
2024-04-03,34682.6015625,35289.69921875,34626.19921875,35047.3984375,27300,0.0,0.0
2024-04-04,35314.69921875,35649.6015625,34915.1484375,35426.69921875,31100,0.0,0.0
2024-04-05,35331.80078125,35371.1015625,35146.5,35247.8984375,15000,0.0,0.0
2024-04-08,35381.0,35429.94921875,35018.6015625,35064.1484375,27200,0.0,0.0
2024-04-09,35241.8984375,35568.80078125,35002.80078125,35079.3515625,24200,0.0,0.0
2024-04-10,35191.1484375,35350.6015625,34952.25,35293.1484375,19200,0.0,0.0
2024-04-12,35222.55078125,35363.6015625,34980.8515625,35018.1015625,31900,0.0,0.0
2024-04-15,34845.80078125,35188.1484375,34335.1484375,34463.6015625,26100,0.0,0.0
2024-04-16,34108.6015625,34175.6015625,33504.3515625,33574.94921875,37500,0.0,0.0
2024-04-18,33746.3984375,34102.1484375,33445.3515625,33498.6484375,47200,0.0,0.0
2024-04-19,33047.3515625,33538.55078125,32915.5,33368.30078125,43300,0.0,0.0
2024-04-22,33488.75,33627.55078125,33341.6484375,33538.80078125,25300,0.0,0.0
2024-04-23,33752.8515625,33803.8515625,33614.25,33714.55078125,18900,0.0,0.0
2024-04-24,33829.55078125,33840.1015625,33393.6484375,33442.55078125,13400,0.0,0.0
2024-04-25,33283.44921875,33659.44921875,33283.44921875,33554.44921875,29000,0.0,0.0
2024-04-26,33743.1015625,34307.44921875,33574.6015625,33666.25,51300,0.0,0.0
2024-04-29,33640.75,33792.8515625,33527.05078125,33579.3984375,28000,0.0,0.0
2024-04-30,33547.69921875,33688.94921875,33145.8984375,33200.94921875,25700,0.0,0.0
2024-05-02,33059.30078125,33332.19921875,33059.30078125,33203.3515625,30400,0.0,0.0
2024-05-03,33248.5,33305.0,32690.5,32908.3984375,31100,0.0,0.0
2024-05-06,33041.19921875,33435.3515625,32990.80078125,33217.1484375,18200,0.0,0.0
2024-05-07,33268.1484375,33525.5,32998.19921875,33473.0,22600,0.0,0.0
2024-05-08,33425.1484375,33489.6484375,33237.1015625,33335.1484375,21700,0.0,0.0
2024-05-09,33275.75,33454.75,33006.94921875,33205.8515625,22500,0.0,0.0
2024-05-10,33166.1015625,33178.3984375,32786.55078125,32935.1484375,20700,0.0,0.0
2024-05-13,32910.6484375,33108.25,32669.25,33074.6015625,13000,0.0,0.0
2024-05-14,33106.75,33321.6015625,32918.69921875,33122.8515625,12900,0.0,0.0
2024-05-15,33144.0,33292.3515625,32986.05078125,33117.3984375,13700,0.0,0.0
2024-05-16,33364.6484375,33705.19921875,33208.25,33668.44921875,32600,0.0,0.0
2024-05-17,33763.8515625,33766.69921875,33361.0,33381.8515625,20200,0.0,0.0
2024-05-21,33253.0,33453.6015625,33191.75,33379.75,21300,0.0,0.0
2024-05-22,33444.25,33724.3515625,33364.1484375,33613.1015625,18800,0.0,0.0
2024-05-23,33683.69921875,34098.05078125,33615.3515625,34042.8515625,25500,0.0,0.0
2024-05-24,34024.6484375,34088.19921875,33761.69921875,33824.30078125,15500,0.0,0.0
2024-05-27,33914.44921875,34227.05078125,33769.8984375,33995.25,35800,0.0,0.0
2024-05-28,34095.6484375,34136.25,33802.05078125,33880.8515625,21800,0.0,0.0
2024-05-29,33888.8984375,33888.8984375,33515.1484375,33542.69921875,20700,0.0,0.0
2024-05-30,33363.8984375,33433.25,32685.349609375,32806.75,31500,0.0,0.0
2024-05-31,32732.80078125,32816.8515625,32280.80078125,32386.099609375,76700,0.0,0.0
2024-06-03,33114.69921875,33143.55078125,32455.80078125,32511.400390625,26500,0.0,0.0
2024-06-04,32575.19921875,32594.349609375,31320.150390625,32315.55078125,37300,0.0,0.0
2024-06-05,32464.05078125,33319.6015625,32410.80078125,33087.94921875,26600,0.0,0.0
2024-06-06,33451.69921875,34093.1484375,33343.0,34023.80078125,35900,0.0,0.0
2024-06-07,34274.6015625,35248.1015625,34256.30078125,35169.8984375,81900,0.0,0.0
2024-06-10,35140.44921875,35167.75,34360.6484375,34526.25,60800,0.0,0.0
2024-06-11,34600.8515625,34751.30078125,34483.3984375,34531.44921875,16900,0.0,0.0
2024-06-12,34860.05078125,35016.3984375,34505.8984375,34547.44921875,30300,0.0,0.0
2024-06-13,34796.3984375,35039.55078125,34783.19921875,34902.05078125,27000,0.0,0.0
2024-06-14,35035.69921875,35035.69921875,34568.8515625,34598.55078125,19200,0.0,0.0
2024-06-18,34696.0,34917.6484375,34655.8984375,34802.94921875,28600,0.0,0.0
2024-06-19,34904.8984375,35036.6484375,34604.05078125,34927.1015625,24000,0.0,0.0
2024-06-20,35002.5,35002.5,34728.6015625,34936.44921875,23900,0.0,0.0
2024-06-21,35474.3515625,35875.30078125,35061.0,35200.30078125,88800,0.0,0.0
2024-06-24,35067.75,35282.0,34918.1484375,35143.80078125,18100,0.0,0.0
2024-06-25,35146.6484375,35468.0,35004.8515625,35426.8984375,16000,0.0,0.0
2024-06-26,35484.05078125,35593.94921875,35336.0,35406.6015625,18200,0.0,0.0
2024-06-27,35289.25,36191.19921875,35105.69921875,36123.69921875,54800,0.0,0.0
2024-06-28,36154.19921875,36334.6484375,36041.19921875,36157.5,29200,0.0,0.0
2024-07-01,36103.0,37093.3515625,36085.44921875,36869.19921875,0,0.0,0.0
2024-07-02,37006.3515625,37525.44921875,36944.8984375,37299.1484375,0,0.0,0.0
2024-07-03,37439.44921875,37444.0,37064.0,37314.3515625,0,0.0,0.0
2024-07-04,37455.6484375,37935.1015625,37399.1015625,37725.8984375,32000,0.0,0.0
2024-07-05,37754.1484375,37884.6484375,37491.3984375,37720.75,20600,0.0,0.0
2024-07-08,37766.0,37949.80078125,37582.69921875,37742.25,20600,0.0,0.0
2024-07-09,37747.30078125,37827.80078125,37603.8515625,37668.6484375,16000,0.0,0.0
2024-07-10,37713.94921875,37824.6484375,37110.3515625,37280.75,23500,0.0,0.0
2024-07-11,37464.8515625,37636.19921875,37108.3515625,37332.6015625,24500,0.0,0.0
2024-07-12,37917.3515625,39237.69921875,37825.25,39023.0,76200,0.0,0.0
2024-07-15,39432.1015625,39567.0,38831.6484375,38911.3515625,35300,0.0,0.0
2024-07-16,39013.75,39280.0,38730.55078125,39141.5,22100,0.0,0.0
2024-07-18,39010.3515625,40075.69921875,39010.3515625,40010.3984375,41700,0.0,0.0
2024-07-19,40682.69921875,40682.69921875,39833.1015625,39923.30078125,63900,0.0,0.0
2024-07-22,39664.8515625,39945.5,39418.44921875,39773.1484375,57200,0.0,0.0
2024-07-23,39773.75,40193.8515625,39081.30078125,40044.69921875,30800,0.0,0.0
2024-07-24,40003.0,40282.1015625,39918.75,40115.05078125,21200,0.0,0.0
2024-07-25,39809.80078125,40198.6484375,39693.6015625,40055.5,27700,0.0,0.0
2024-07-26,40164.44921875,41073.6484375,40081.8984375,40977.3515625,42900,0.0,0.0
2024-07-29,41220.75,41381.1015625,40691.3515625,40820.1015625,18100,0.0,0.0
2024-07-30,40827.1015625,40889.8984375,40561.6015625,40776.3515625,14500,0.0,0.0
2024-07-31,40728.75,41074.05078125,40657.05078125,40851.1015625,17800,0.0,0.0
2024-08-01,40862.3984375,41036.05078125,40537.19921875,40709.3984375,20100,0.0,0.0
2024-08-02,40346.55078125,40632.25,39662.6484375,39730.30078125,24200,0.0,0.0
2024-08-05,38822.55078125,39044.69921875,37829.1015625,38435.94921875,33000,0.0,0.0
2024-08-06,38565.8515625,39395.3984375,38551.69921875,38624.19921875,21500,0.0,0.0
2024-08-07,39269.05078125,39427.1015625,38882.94921875,39194.80078125,16000,0.0,0.0
2024-08-08,39030.5,39098.75,38371.1484375,38448.30078125,21600,0.0,0.0
2024-08-09,39007.69921875,39252.3984375,38931.8515625,39043.30078125,13900,0.0,0.0
2024-08-12,39038.94921875,39329.05078125,38747.8515625,39109.55078125,13600,0.0,0.0
2024-08-13,39198.25,39383.30078125,38972.69921875,39114.8515625,12400,0.0,0.0
2024-08-14,39259.69921875,39767.1484375,39177.69921875,39731.25,24100,0.0,0.0
2024-08-16,40287.30078125,40927.1484375,40063.8984375,40878.25,33700,0.0,0.0
2024-08-19,40940.8984375,41271.6015625,40736.55078125,41236.8515625,16300,0.0,0.0
2024-08-20,41421.25,41746.55078125,41366.19921875,41572.80078125,17900,0.0,0.0
2024-08-21,41532.05078125,41603.6015625,41368.05078125,41570.8515625,11500,0.0,0.0
2024-08-22,41735.25,41834.0,41406.19921875,41506.19921875,17000,0.0,0.0
2024-08-23,41492.75,41548.75,41029.5,41089.8515625,16900,0.0,0.0
2024-08-26,41343.44921875,41820.8984375,41319.05078125,41662.1015625,21200,0.0,0.0
2024-08-27,41696.8515625,41936.69921875,41589.8515625,41709.25,14800,0.0,0.0
2024-08-28,41792.8984375,42717.1484375,41594.8984375,42394.3984375,37800,0.0,0.0
2024-08-29,42191.1015625,42790.30078125,42151.5,42591.6484375,31500,0.0,0.0
2024-08-30,42644.1015625,42913.94921875,42455.1015625,42787.80078125,38100,0.0,0.0
2024-09-02,42864.8515625,43299.5,42847.80078125,42975.6015625,22600,0.0,0.0
2024-09-03,42953.1015625,43194.55078125,42746.75,42851.30078125,20100,0.0,0.0
2024-09-04,42315.69921875,42498.44921875,42023.5,42450.5,22900,0.0,0.0
2024-09-05,42578.1484375,42766.05078125,42294.55078125,42644.6484375,17700,0.0,0.0
2024-09-06,42607.8515625,42983.6015625,42167.1484375,42228.8984375,22500,0.0,0.0
2024-09-09,42104.05078125,42431.6484375,41809.6484375,41919.05078125,18600,0.0,0.0
2024-09-10,42128.30078125,42937.44921875,42055.8515625,42644.19921875,21600,0.0,0.0
2024-09-11,42710.1484375,42984.19921875,42406.1484375,42473.30078125,15900,0.0,0.0
2024-09-12,42836.5,43265.25,42449.05078125,43152.1015625,26400,0.0,0.0
2024-09-13,43244.19921875,43571.6484375,42989.3984375,43394.3515625,28000,0.0,0.0
2024-09-16,43457.3984375,43583.1484375,43286.80078125,43352.6484375,11500,0.0,0.0
2024-09-17,43294.44921875,43645.8984375,43133.55078125,43415.0,12500,0.0,0.0
2024-09-18,43222.44921875,43222.44921875,41814.3984375,42089.30078125,27100,0.0,0.0
2024-09-19,42551.0,42850.44921875,41670.80078125,41945.6015625,32400,0.0,0.0
2024-09-20,42186.8515625,42375.19921875,41614.25,42204.3984375,39800,0.0,0.0
2024-09-23,42288.3515625,42378.5,41785.1484375,41987.44921875,14000,0.0,0.0
2024-09-24,41863.3515625,42403.8984375,41691.3984375,42243.94921875,21800,0.0,0.0
2024-09-25,42128.1484375,42222.8515625,41645.8515625,41960.94921875,17300,0.0,0.0
2024-09-26,42033.8984375,42345.3984375,41982.8515625,42160.8984375,27100,0.0,0.0
2024-09-27,42738.55078125,43377.94921875,42270.55078125,42312.6015625,46500,0.0,0.0
2024-09-30,42045.55078125,42275.3984375,41853.25,41946.1015625,20900,0.0,0.0
2024-10-01,41916.30078125,42470.5,41916.30078125,42434.80078125,19500,0.0,0.0
2024-10-03,41978.44921875,42325.8515625,41631.5,41762.6015625,26100,0.0,0.0
2024-10-04,41682.94921875,42566.1484375,41682.94921875,41912.5,28100,0.0,0.0
2024-10-07,42134.6484375,42491.8515625,41760.1015625,42190.6015625,22000,0.0,0.0
2024-10-08,42275.25,42445.25,41639.44921875,42387.55078125,18400,0.0,0.0
2024-10-09,42524.69921875,42920.55078125,42498.55078125,42622.75,16700,0.0,0.0
2024-10-10,42801.05078125,42880.3984375,42012.3515625,42088.80078125,19800,0.0,0.0
2024-10-11,41770.5,42567.19921875,41734.19921875,42335.69921875,20800,0.0,0.0
2024-10-14,42383.25,42985.1015625,42357.75,42872.75,28300,0.0,0.0
2024-10-15,42917.6484375,43329.5,42572.80078125,42731.30078125,29400,0.0,0.0
2024-10-16,42605.3515625,42691.1484375,42168.69921875,42230.69921875,17100,0.0,0.0
2024-10-17,42455.6015625,42900.44921875,42369.80078125,42734.3515625,35400,0.0,0.0
2024-10-18,42216.8984375,42579.75,41838.0,42106.5,58500,0.0,0.0
2024-10-21,42426.44921875,42609.05078125,41481.55078125,41562.69921875,28100,0.0,0.0
2024-10-22,41556.3515625,41850.6015625,41155.8515625,41238.80078125,21800,0.0,0.0
2024-10-23,41168.3984375,42530.94921875,41151.3515625,42222.1015625,27400,0.0,0.0
2024-10-24,41929.25,42379.6015625,41926.8515625,42139.8515625,16300,0.0,0.0
2024-10-25,42235.30078125,42366.1484375,41874.55078125,42038.8515625,19000,0.0,0.0
2024-10-28,42012.6015625,42401.30078125,41963.30078125,42205.3984375,19200,0.0,0.0
2024-10-29,42167.55078125,42210.8984375,41746.6015625,42031.44921875,16300,0.0,0.0
2024-10-30,41975.3515625,42164.3515625,41881.1484375,42073.3984375,0,0.0,0.0
